Query Number,File,Max Score,Avg Score,Top Ten Avg Score,Number of Files not Found,Total Files Returned
1,MathArticles/wpmath0000012/Plancherel_theorem_for_spherical_functions/248.xml,1,0.6435297208031452,0.724493693372396,1,20
2,MathArticles/wpmath0000006/Ostwald–Freundlich_equation/54.xml,1,0.5504763516053316,0.624813471711677,1,20
3,MathArticles/wpmath0000008/Gårding's_inequality/1.xml,1,0.4548827062358166,0.5735048378091716,1,20
4,MathArticles/wpmath0000003/Almost_periodic_function/27.xml,0,0,0,0,0
5,MathArticles/wpmath0000004/Envelope_(mathematics)/20.xml,1,0.5369035464047442,0.6679386621424444,1,20
6,MathArticles/wpmath0000007/Josephson_penetration_depth/8.xml,1,0.8168801939058172,1,1,20
7,MathArticles/wpmath0000001/Euler-Maclaurin_formula/51.xml,1,0.6837571468819041,0.8020957817057184,1,20
8,MathArticles/wpmath0000004/Exact_coloring/3.xml,1,0.5483025370071704,0.6655405196476625,1,20
9,MathArticles/wpmath0000002/Indefinite_orthogonal_group/0.xml,1,0.7354262954877433,0.8564713203796197,2,20
10,MathArticles/wpmath0000006/Bicoherence/10.xml,0,0,0,0,0
11,MathArticles/wpmath0000012/Formulas_for_generating_Pythagorean_triples/76.xml,1,0.6615685732209488,0.783500960031145,0,20
12,MathArticles/wpmath0000015/Davenport_constant/5.xml,1,0.5928950666153242,0.6505718718755105,1,20
13,MathArticles/wpmath0000010/Prehomogeneous_vector_space/83.xml,1,1,1,1,20
14,MathArticles/wpmath0000012/Orthogonality_principle/24.xml,1,0.9707049486461251,1,3,20
15,MathArticles/wpmath0000009/Boyle_temperature/2.xml,0,0,0,0,0
16,MathArticles/wpmath0000006/Kepler_problem/23.xml,0,0,0,0,0
17,MathArticles/wpmath0000004/Coefficient_of_variation/29.xml,1,0.8122503801041177,1,2,20
18,MathArticles/wpmath0000001/Bernoulli_number/40.xml,1,0.9506578947368421,1,1,20
19,MathArticles/wpmath0000001/Recursively_enumerable_language/3.xml,1,0.9583333333333334,1,1,20
20,MathArticles/wpmath0000006/Yale_shooting_problem/28.xml,1,0.6778878933806126,0.8518642661982826,3,20
21,MathArticles/wpmath0000001/Digital_filter/19.xml,1,0.49572420180905297,0.5796857317328685,2,20
22,MathArticles/wpmath0000002/Terminal_velocity/24.xml,1,0.584390098238434,0.6617652177974934,1,20
23,MathArticles/wpmath0000010/Timoshenko_beam_theory/51.xml,1,0.8903566667137168,1,3,20
24,MathArticles/wpmath0000004/Laplace–Runge–Lenz_vector/125.xml,1,0.5797906994679818,0.6536808729461435,1,20
25,MathArticles/wpmath0000004/Hyperbolic_quaternion/2.xml,1,0.8771422302291205,1,4,20
26,MathArticles/wpmath0000012/Sum_frequency_generation_spectroscopy/6.xml,1,0.6025339525580911,0.6488601045216621,6,20
27,MathArticles/wpmath0000005/Hanbury_Brown_and_Twiss_effect/15.xml,1,0.8815488175556961,0.985,1,20
28,MathArticles/wpmath0000015/Rayleigh–Plesset_equation/48.xml,1,0.8529211398681269,1,2,20
29,MathArticles/wpmath0000015/Cluster-expansion_approach/1.xml,1,0.768496467412876,0.8286764705882352,7,20
30,MathArticles/wpmath0000002/Hypergraph/51.xml,1,0.8633151978740214,0.9444444444444444,3,20
31,MathArticles/wpmath0000014/Semi-inner-product/9.xml,1,0.4690198575603418,0.5663504810232868,0,20
32,MathArticles/wpmath0000013/Magnetic_braking/16.xml,1,0.4936636281211539,0.5566899836119642,0,20
33,MathArticles/wpmath0000003/Sliding_mode_control/71.xml,1,0.8207926017369893,1,0,20
34,MathArticles/wpmath0000009/Admissible_heuristic/14.xml,1,0.8968246187363834,0.9416666666666667,3,20
35,MathArticles/wpmath0000008/Yield_surface/57.xml,0,0,0,0,0
36,MathArticles/wpmath0000014/Backpressure_routing/49.xml,1,1,1,0,20
37,MathArticles/wpmath0000014/Natural_units/85.xml,1,0.46602318990114017,0.5683156369931449,0,20
38,MathArticles/wpmath0000016/Multiple_kernel_learning/33.xml,0.8771240441801189,0.5568839638230075,0.665348333658008,2,20
39,MathArticles/wpmath0000003/Generalized_coordinates/9.xml,1,0.5824455672439373,0.7015106774288663,0,20
40,MathArticles/wpmath0000001/Absolute_value/138.xml,1,0.5474457625798179,0.6276341328081121,1,20
41,MathArticles/wpmath0000012/Geometric_calculus/7.xml,1,0.4960731756497676,0.6005429433842854,1,20
42,MathArticles/wpmath0000013/Griesmer_bound/17.xml,1,0.7400968776445377,0.8729550908216985,0,20
43,MathArticles/wpmath0000015/Markov–Kakutani_fixed-point_theorem/0.xml,1,0.5982726090429535,0.6867871600575932,0,20
44,MathArticles/wpmath0000009/Phase_retrieval/34.xml,0.7139393939393939,0.5947598747311761,0.6776363636363636,1,20
45,MathArticles/wpmath0000008/Clenshaw–Curtis_quadrature/17.xml,1,0.8925822477977483,1,4,20
46,MathArticles/wpmath0000004/Representable_functor/3.xml,1,0.6300533473138542,0.7250154285402876,3,20
47,MathArticles/wpmath0000003/Prenex_normal_form/20.xml,1,0.6946052241130566,0.7886449275362319,0,20
48,MathArticles/wpmath0000013/Partially_ordered_ring/11.xml,1,0.9640322580645161,1,5,20
49,MathArticles/wpmath0000005/Langmuir–Blodgett_trough/12.xml,1,0.5758348579772211,0.728663244022406,0,20
50,MathArticles/wpmath0000004/Turing_reduction/22.xml,1,0.5906417806819527,0.6885210092278502,0,20
51,MathArticles/wpmath0000005/Laplace–Beltrami_operator/62.xml,0.6099936629483409,0.4030495110902724,0.4773212941294461,2,20
52,MathArticles/wpmath0000005/Stokes_parameters/37.xml,1,0.6122431797885518,0.6715,2,20
53,MathArticles/wpmath0000008/Divisor_summatory_function/47.xml,1,0.49348921137101653,0.6127304087028248,0,20
54,MathArticles/wpmath0000006/Liquid–liquid_extraction/1.xml,1,0.5158900327013072,0.654471357136664,0,20
55,MathArticles/wpmath0000014/Nagata's_conjecture/0.xml,1,0.5311062892451303,0.5844786688394734,1,20
56,MathArticles/wpmath0000003/Knuth–Bendix_completion_algorithm/32.xml,1,0.9343652011675845,1,0,20
57,MathArticles/wpmath0000001/Uniform_convergence/107.xml,0.920343137254902,0.5254088888723777,0.5913037655380454,1,20
58,MathArticles/wpmath0000004/Resting_potential/0.xml,1,0.5180442535038392,0.570160269535336,5,20
59,MathArticles/wpmath0000004/Iwasawa_decomposition/17.xml,0,0,0,0,0
60,MathArticles/wpmath0000014/Pearl_vortex/2.xml,1,0.5247071085863635,0.6764796873395071,0,20
61,MathArticles/wpmath0000004/Comma_category/154.xml,1,0.6224886747410157,0.7134555394782174,1,20
62,MathArticles/wpmath0000009/Kutta–Joukowski_theorem/40.xml,1,0.7355795895117871,0.7975076280512206,0,20
63,MathArticles/wpmath0000006/Dini_derivative/1.xml,1,0.5906669102383112,0.67190867003367,0,20
64,MathArticles/wpmath0000014/Template_Subatomic_particle__symbol__chargino_i-+/0.xml,1,0.9094551282051282,1,4,20
65,MathArticles/wpmath0000003/Incidence_matrix/15.xml,1,0.9078703703703703,0.9391666666666667,2,20
66,MathArticles/wpmath0000004/Trigonometric_interpolation/12.xml,1,0.8605141142229876,1,2,20
67,MathArticles/wpmath0000014/Duality_gap/1.xml,0.525,0.4843939393939394,0.4922727272727273,0,20
68,MathArticles/wpmath0000012/Leggett–Garg_inequality/0.xml,1,0.8809147869674185,1,1,20
69,MathArticles/wpmath0000009/Eilenberg–Moore_spectral_sequence/2.xml,0,0,0,0,0
70,MathArticles/wpmath0000007/Lamm_equation/0.xml,0,0,0,0,0
71,MathArticles/wpmath0000015/Oversampled_binary_image_sensor/23.xml,1,0.9922222222222222,1,5,20
72,MathArticles/wpmath0000009/Quantum_amplifier/9.xml,1,0.6270743145743146,0.7463474025974026,2,20
73,MathArticles/wpmath0000001/Electrical_impedance/18.xml,1,0.5263431178206509,0.6124289897644704,0,20
74,MathArticles/wpmath0000005/Recursive_least_squares_filter/2.xml,1,0.9714169000933707,1,3,20
75,MathArticles/wpmath0000014/Factor_regression_model/15.xml,1,0.7080127777533068,0.7959172412263957,6,20
76,MathArticles/wpmath0000012/Network_science/11.xml,1,0.8058247052801516,0.9369662588060808,1,20
77,MathArticles/wpmath0000002/Phonon/130.xml,0,0,0,0,0
78,MathArticles/wpmath0000014/Ultrasensitivity/25.xml,1,0.5673176994476963,0.6635337717652624,2,20
79,MathArticles/wpmath0000001/Original_proof_of_Gödel's_completeness_theorem/28.xml,1,0.49109586206111955,0.5865331626008199,0,20
80,MathArticles/wpmath0000002/Algebraic_integer/17.xml,1,0.9431490384615384,1,0,20
81,MathArticles/wpmath0000016/Briggs–Bers_criterion/34.xml,1,0.9399405061169767,1,3,20
82,MathArticles/wpmath0000013/Entanglement-assisted_stabilizer_formalism/28.xml,1,0.9767137320044297,1,0,20
83,MathArticles/wpmath0000003/Canonical_transformation/88.xml,1,0.564923601952453,0.6340091101382104,2,20
84,MathArticles/wpmath0000007/Hölder_condition/12.xml,0,0,0,0,0
85,MathArticles/wpmath0000004/Complex_projective_space/3.xml,0,0,0,0,0
86,MathArticles/wpmath0000016/Approximation-preserving_reduction/38.xml,1,0.5151599935221739,0.5782772084668331,1,20
87,MathArticles/wpmath0000001/Quadratic_equation/150.xml,0.6291666666666667,0.5164755011630237,0.5289805741993625,2,20
88,MathArticles/wpmath0000013/Higher-dimensional_gamma_matrices/118.xml,0,0,0,0,0
89,MathArticles/wpmath0000005/Differential_algebra/13.xml,1,0.9854166666666666,1,0,20
90,MathArticles/wpmath0000001/Borel-Cantelli_lemma/45.xml,1,0.8449199500628919,0.8748809523809524,1,20
91,MathArticles/wpmath0000007/Push–relabel_maximum_flow_algorithm/18.xml,1,0.7190091177940344,0.8584312946190022,0,20
92,MathArticles/wpmath0000007/Carry-save_adder/0.xml,1,0.6056223108592531,0.7150039530057704,2,20
93,MathArticles/wpmath0000005/Shekel_function/3.xml,0,0,0,0,0
94,MathArticles/wpmath0000013/Reduced_dynamics/3.xml,1,0.7370824347555653,0.7906886474109188,2,20
95,MathArticles/wpmath0000002/Conjunctive_normal_form/247.xml,1,0.3551809210526316,0.3809736842105263,4,20
96,MathArticles/wpmath0000001/Continuum_mechanics/82.xml,0,0,0,0,0
97,MathArticles/wpmath0000004/Downhill_creep/3.xml,1,0.5817060173987079,0.6701664040595077,2,20
98,MathArticles/wpmath0000003/Discretization/38.xml,0,0,0,0,0
99,MathArticles/wpmath0000014/Streeter–Phelps_equation/26.xml,1,0.6053042261456852,0.6638748416981995,4,20
100,MathArticles/wpmath0000008/Varifold/5.xml,1,0.5457677830461943,0.6852547885584763,1,20
101,MathArticles/wpmath0000001/Bernoulli_number/86.xml,0,0,0,0,0
102,MathArticles/wpmath0000002/Conjunctive_normal_form/84.xml,1,0.6821280388190409,0.8193659535667732,0,20
103,MathArticles/wpmath0000012/Yeoh_(hyperelastic_model)/47.xml,0,0,0,0,0
104,MathArticles/wpmath0000014/Hamiltonian_optics/41.xml,1,0.4561331354157656,0.5410804129527674,0,20
105,MathArticles/wpmath0000004/Resistance_distance/17.xml,0.7212337662337662,0.6299571546936074,0.7098342953342953,2,20
106,MathArticles/wpmath0000016/Mean_field_particle_methods/98.xml,0,0,0,0,0
107,MathArticles/wpmath0000016/Poisson_wavelet/39.xml,0.6071895424836602,0.48220372367431197,0.4999479909774028,0,20
108,MathArticles/wpmath0000013/Multislice/32.xml,1,0.5638281199768362,0.6821117060174939,3,20
109,MathArticles/wpmath0000006/Watt's_curve/4.xml,0,0,0,0,0
110,MathArticles/wpmath0000003/Degenerate_conic/15.xml,1,0.918338227811552,1,2,20
111,MathArticles/wpmath0000014/Computer_for_operations_with_functions/66.xml,1,0.879952602063586,1,4,20
112,MathArticles/wpmath0000006/Portal_Gravitation__Mass/0.xml,1,0.7421177576246396,0.9217327586206896,3,20
113,MathArticles/wpmath0000014/Class_kappa_function/3.xml,1,0.93199939289524,1,2,20
114,MathArticles/wpmath0000016/Shearlet/49.xml,0,0,0,0,0
115,MathArticles/wpmath0000004/Neutron_transport/41.xml,1,0.9162867313210563,1,2,20
116,MathArticles/wpmath0000001/Finite_field/337.xml,0.8333333333333333,0.7664190580924451,0.8333333333333333,0,20
117,MathArticles/wpmath0000014/De_Donder–Weyl_theory/0.xml,1,0.5965984519968401,0.6764467296826631,5,20
118,MathArticles/wpmath0000003/Skolem_normal_form/10.xml,1,0.5872020421241343,0.6736472118061448,0,20
119,MathArticles/wpmath0000013/Head_grammar/11.xml,1,0.582298596828299,0.6990435689538429,2,20
120,MathArticles/wpmath0000004/Rotation_matrix/220.xml,0.6323730158730159,0.5315747025092824,0.573300323601627,2,20
121,MathArticles/wpmath0000004/Poynting's_theorem/16.xml,1,0.5767038671289665,0.6544206832357004,0,20
122,MathArticles/wpmath0000013/Cnoidal_wave/60.xml,1,0.622751794709751,0.6998805756959703,0,20
123,MathArticles/wpmath0000006/Bifurcation_theory/3.xml,1,0.659486192598449,0.7375808340446472,2,20
124,MathArticles/wpmath0000002/Autonomous_system_(mathematics)/28.xml,1,0.5560102953246103,0.6147426297626023,5,20
125,MathArticles/wpmath0000004/Hamiltonian_constraint/47.xml,1,0.8376627069126305,1,0,20
126,MathArticles/wpmath0000005/Wetting/0.xml,0.7145244461420932,0.578571113861941,0.6407115161450795,4,20
127,MathArticles/wpmath0000016/Imprecise_Dirichlet_process/22.xml,1,0.9370833333333334,1,0,20
128,MathArticles/wpmath0000003/Percentile/28.xml,1,0.5506985894062004,0.6233219682063866,4,20
129,MathArticles/wpmath0000014/Local_Elevation/0.xml,1,0.9655349794238683,1,2,20
130,MathArticles/wpmath0000005/Dyck_language/54.xml,0,0,0,0,0
131,MathArticles/wpmath0000007/Schoof's_algorithm/140.xml,0.5,0.4866327751196172,0.49204545454545456,0,20
132,MathArticles/wpmath0000001/List_of_equations_in_classical_mechanics/60.xml,0.41253940965185876,0.2566314416672168,0.26894908265622613,4,20
133,MathArticles/wpmath0000013/Arbitrarily_varying_channel/111.xml,1,0.8973780605359553,1,1,20
134,MathArticles/wpmath0000008/Multi-scale_approaches/1.xml,1,0.9006944444444445,0.9783333333333333,8,20
135,MathArticles/wpmath0000004/Cooperative_game/149.xml,1,0.9442223837209303,1,4,20
136,MathArticles/wpmath0000002/Sundial/27.xml,1,0.6103884755482235,0.730573518075651,2,20
137,MathArticles/wpmath0000007/Kernel_method/6.xml,0,0,0,0,0
138,MathArticles/wpmath0000004/Scale_factor_(cosmology)/16.xml,1,0.8500592600873825,0.9487987012987013,3,20
139,MathArticles/wpmath0000009/Stress_majorization/12.xml,1,0.8220833333333334,1,5,20
140,MathArticles/wpmath0000011/Argument_(complex_analysis)/14.xml,1,0.7073033161821827,0.8224441425120773,1,20
141,MathArticles/wpmath0000011/Constellation_model/53.xml,0,0,0,0,0
142,MathArticles/wpmath0000007/Fracture_toughness/2.xml,1,0.4458033184819508,0.5250416666666666,1,20
143,MathArticles/wpmath0000004/Linear_approximation/17.xml,0,0,0,0,0
144,MathArticles/wpmath0000008/Jaynes–Cummings_model/1.xml,0.9333333333333333,0.6528830532212885,0.7950490196078431,0,20
145,MathArticles/wpmath0000014/Quasitoric_manifold/132.xml,0.6333333333333333,0.5529781052539239,0.585397111438493,0,20
146,MathArticles/wpmath0000005/Nuclear_density/3.xml,1,0.5720122147417984,0.6689878033505292,1,20
147,MathArticles/wpmath0000013/Symmetric_tensor/20.xml,0,0,0,0,0
148,MathArticles/wpmath0000002/Local_field/10.xml,0,0,0,0,0
149,MathArticles/wpmath0000002/Tensor_field/4.xml,1,0.9622390891840608,1,3,20
150,MathArticles/wpmath0000001/P-adic_number/55.xml,1,0.7563584866816059,0.8273711425027215,1,20
151,MathArticles/wpmath0000004/Conical_surface/13.xml,1,0.676747289917001,0.7985940697656136,1,20
152,MathArticles/wpmath0000012/Relation_between_Schrödinger's_equation_and_the_path_integral_formulation_of_quantum_mechanics/25.xml,0,0,0,0,0
153,MathArticles/wpmath0000006/Highly_optimized_tolerance/6.xml,1,0.6789123958214525,0.7640706921898707,6,20
154,MathArticles/wpmath0000012/Matrix_differential_equation/2.xml,1,0.5940790503638695,0.7312271769531723,0,20
155,MathArticles/wpmath0000010/Separable_algebra/17.xml,1,0.6310333906159762,0.7927969882898088,1,20
156,MathArticles/wpmath0000013/Equilibrium_chemistry/31.xml,1,0.5429493735384662,0.6457725934144671,2,20
157,MathArticles/wpmath0000006/Smoluchowski_coagulation_equation/1.xml,0,0,0,0,0
158,MathArticles/wpmath0000003/Gröbner_basis/60.xml,1,0.9457921117688417,1,2,20
159,MathArticles/wpmath0000003/Continuous_linear_extension/35.xml,1,0.9479319291819291,1,1,20
160,MathArticles/wpmath0000006/Filtered_algebra/30.xml,1,0.8559626670786333,1,0,20
161,MathArticles/wpmath0000002/Index_of_a_subgroup/20.xml,0.413858939802336,0.27113485366777007,0.3216773553923846,0,20
162,MathArticles/wpmath0000009/Forward–backward_algorithm/66.xml,1,0.6366099357188821,0.7337272768425575,0,20
163,MathArticles/wpmath0000002/Angular_frequency/0.xml,1,1,1,1,20
164,MathArticles/wpmath0000013/Arbitrarily_varying_channel/160.xml,1,1,1,0,20
165,MathArticles/wpmath0000014/Lorentz-violating_neutrino_oscillations/28.xml,0,0,0,0,0
166,MathArticles/wpmath0000012/Prime_manifold/4.xml,1,0.5873987092244243,0.6590798515467929,3,20
167,MathArticles/wpmath0000006/Flow_(mathematics)/76.xml,0.8418918918918918,0.60859496184435,0.7078618232177425,0,20
168,MathArticles/wpmath0000009/Point_reflection/10.xml,1,0.9248217468805704,1,3,20
169,MathArticles/wpmath0000006/Trembling_hand_perfect_equilibrium/9.xml,1,0.6565275782189347,0.785048076923077,0,20
170,MathArticles/wpmath0000007/Molar_solubility/7.xml,1,0.6993882185701408,0.6993882185701408,10,20
171,MathArticles/wpmath0000016/Quantum_thermodynamics/33.xml,1,0.6534938635611311,0.758838748800552,0,20
172,MathArticles/wpmath0000013/Weingarten_function/11.xml,1,0.5868418811050965,0.6999635357068704,1,20
173,MathArticles/wpmath0000008/Poker_probability_(Omaha)/59.xml,1,0.655391325280112,0.7743348214285715,0,20
174,MathArticles/wpmath0000012/Rule_complex/2.xml,1,0.9673148148148147,1,2,20
175,MathArticles/wpmath0000008/Ridge_detection/20.xml,1,0.4962140276895989,0.5967148359586073,3,20
176,MathArticles/wpmath0000003/Inverse_trigonometric_functions/27.xml,1,0.5836857838443112,0.654454098927749,5,20
177,MathArticles/wpmath0000010/Schuette–Nesbitt_formula/96.xml,1,0.45929711245635274,0.5334426539329059,1,20
178,MathArticles/wpmath0000015/List_of_electromagnetism_equations/59.xml,1,0.6491323296109315,0.7465546702777276,0,20
179,MathArticles/wpmath0000007/Electron_electric_dipole_moment/0.xml,1,0.6846465097157421,0.7601631983600237,1,20
180,MathArticles/wpmath0000016/Principalization_(algebra)/359.xml,1,0.7084021066959366,0.8901539341334253,1,20
181,MathArticles/wpmath0000007/Bispherical_coordinates/4.xml,1,0.689941814354292,0.9457692307692307,0,20
182,MathArticles/wpmath0000002/Chern_class/8.xml,0,0,0,0,0
183,MathArticles/wpmath0000014/Electric_dipole_moment/43.xml,1,0.5314173888890651,0.6073811592982714,0,20
184,MathArticles/wpmath0000007/Durand–Kerner_method/39.xml,1,0.5923496122190676,0.6887329897203662,0,20
185,MathArticles/wpmath0000005/Wald's_equation/50.xml,1,0.5584256074687736,0.6527510217186316,0,20
186,MathArticles/wpmath0000002/Trajectory/30.xml,1,0.5795767664113717,0.7133238736428277,0,20
187,MathArticles/wpmath0000005/Convex_optimization/31.xml,1,0.925532272468547,0.9736519607843137,2,20
188,MathArticles/wpmath0000003/Grassmannian/151.xml,1,1,1,5,20
189,MathArticles/wpmath0000006/Paleothermometer/1.xml,1,0.5456269671516548,0.6455518173095414,0,20
190,MathArticles/wpmath0000004/Stiefel–Whitney_class/49.xml,1,0.6082888379894799,0.6656485390840035,1,20
191,MathArticles/wpmath0000008/Interval_scheduling/14.xml,1,0.849604467493212,0.9839930555555556,3,20
192,MathArticles/wpmath0000007/Initial_algebra/30.xml,1,0.9383869969040247,1,0,20
193,MathArticles/wpmath0000006/Bauer–Fike_theorem/4.xml,1,0.7720453903921646,0.8977216533466533,1,20
194,MathArticles/wpmath0000004/Asymptotic_analysis/9.xml,1,0.6968249721163554,0.8299822268424139,1,20
195,MathArticles/wpmath0000002/List_of_integrals_of_rational_functions/42.xml,0,0,0,0,0
196,MathArticles/wpmath0000009/Heston_model/14.xml,1,0.8533560577324077,0.9595145707950585,1,20
197,MathArticles/wpmath0000015/Connective_constant/51.xml,0.7673261088709677,0.5366839709775717,0.6040069339006356,4,20
198,MathArticles/wpmath0000001/Angular_velocity/3.xml,1,0.6185485705621229,0.7274657648052267,3,20
199,MathArticles/wpmath0000004/Joint_entropy/10.xml,1,0.9058858082706767,1,1,20
200,MathArticles/wpmath0000002/Gibbs_paradox/31.xml,0,0,0,0,0
201,MathArticles/wpmath0000002/Hypergeometric_distribution/75.xml,1,0.5422244644756814,0.6036485524127531,3,20
202,MathArticles/wpmath0000007/K-edge-connected_graph/0.xml,1,0.9285261522103627,1,1,20
203,MathArticles/wpmath0000015/Supermetric/31.xml,1,0.5296480360762036,0.6105981897571033,1,20
204,MathArticles/wpmath0000015/Factor_system/6.xml,1,0.639052391240072,0.7340233238977858,3,20
205,MathArticles/wpmath0000004/Mechanism_design/25.xml,0,0,0,0,0
206,MathArticles/wpmath0000007/Structure_(mathematical_logic)/13.xml,1,0.6918858727872684,0.7807715757907119,0,20
207,MathArticles/wpmath0000001/Curvature/11.xml,1,0.8290473138243537,1,3,20
208,MathArticles/wpmath0000001/Inverse_limit/1.xml,1,0.7460997175019779,0.8468834688346883,2,20
209,MathArticles/wpmath0000013/Mie–Gruneisen_equation_of_state/64.xml,0,0,0,0,0
210,MathArticles/wpmath0000002/Gudermannian_function/2.xml,0.7028571428571428,0.5864131117949267,0.643715592600815,5,20
211,MathArticles/wpmath0000016/Symmetry_in_quantum_mechanics/64.xml,1,0.5327619492021666,0.562782755087103,4,20
212,MathArticles/wpmath0000005/Faraday_cup/54.xml,1,0.7695689598855343,0.892059808997309,0,20
213,MathArticles/wpmath0000014/Quantum_non-equilibrium/0.xml,1,0.9950595238095238,1,0,20
214,MathArticles/wpmath0000009/Mean_shift/48.xml,1,0.6069302172972406,0.7008261183261183,2,20
215,MathArticles/wpmath0000008/Stability_derivatives/8.xml,0,0,0,0,0
216,MathArticles/wpmath0000007/Parametric_surface/8.xml,0.43912337662337664,0.3033702614952615,0.3124618287118287,0,20
217,MathArticles/wpmath0000001/Metric_space/115.xml,1,0.7375749102807979,0.8443269353195824,0,20
218,MathArticles/wpmath0000007/XTR/77.xml,1,0.8373792232436359,1,0,20
219,MathArticles/wpmath0000012/Decoherence-free_subspaces/60.xml,1,0.6215559998848136,0.7793503949624425,0,20
220,MathArticles/wpmath0000003/YIQ/2.xml,1,0.7718900864032823,0.8669420187913774,1,20
221,MathArticles/wpmath0000001/First-order_logic/8.xml,1,0.6960211009158378,0.7554350589745327,0,20
222,MathArticles/wpmath0000004/Polarization_density/41.xml,1,0.9470740997229917,1,1,20
223,MathArticles/wpmath0000013/Chaotic_mixing/39.xml,1,0.57633347553911,0.7172661546198202,2,20
224,MathArticles/wpmath0000001/Acoustic_theory/88.xml,0,0,0,0,0
225,MathArticles/wpmath0000004/Cartan_decomposition/23.xml,1,0.8561314412238326,1,5,20
226,MathArticles/wpmath0000013/Gauge_theory/46.xml,1,0.5784683803805516,0.663441498202265,0,20
227,MathArticles/wpmath0000007/Moment_map/64.xml,1,0.7421543167239006,0.8108445945945946,3,20
228,MathArticles/wpmath0000008/Poker_probability_(Omaha)/44.xml,1,0.7880322167669729,0.7880322167669729,16,20
229,MathArticles/wpmath0000015/Position_of_the_Sun/22.xml,1,0.5897326745172116,0.6629012881340524,4,20
230,MathArticles/wpmath0000002/Fock_state/45.xml,0,0,0,0,0
231,MathArticles/wpmath0000012/Cotangent_complex/17.xml,1,0.4966112079873162,0.5754014818809222,2,20
232,MathArticles/wpmath0000008/Squashed_entanglement/17.xml,1,0.9717948717948718,1,5,20
233,MathArticles/wpmath0000007/Nachbin's_theorem/11.xml,1,0.6293013700486246,0.7086463005722562,3,20
234,MathArticles/wpmath0000007/Paris'_law/2.xml,1,0.8004389892948522,0.923890736456526,1,20
235,MathArticles/wpmath0000003/Sobolev_space/94.xml,0.8793939393939394,0.7005099918917196,0.8038628958760538,3,20
236,MathArticles/wpmath0000016/Modulus_of_smoothness/23.xml,1,0.9291196741854637,1,1,20
237,MathArticles/wpmath0000006/2-category/25.xml,1,0.5115760294819381,0.5810876623376624,1,20
238,MathArticles/wpmath0000001/Factorial/58.xml,1,0.4514108524230037,0.5550257245541271,0,20
239,MathArticles/wpmath0000006/C++_Technical_Report_1/16.xml,0.8452582936754259,0.5749170579399677,0.6480509743771056,3,20
240,MathArticles/wpmath0000008/Naimark's_dilation_theorem/49.xml,1,0.6702785150320353,0.7757170358245263,5,20
241,MathArticles/wpmath0000004/Decomposition_of_spectrum_(functional_analysis)/29.xml,1,0.5532467106525772,0.6203156776267831,3,20
242,MathArticles/wpmath0000008/Berlekamp's_algorithm/25.xml,0,0,0,0,0
243,MathArticles/wpmath0000014/Classical_central-force_problem/6.xml,0,0,0,0,0
244,MathArticles/wpmath0000012/Deformation_(mechanics)/26.xml,1,0.7656455376841237,0.8535187728937729,0,20
245,MathArticles/wpmath0000007/Distribution_(pharmacology)/0.xml,1,0.6305051399730548,0.7031837707850962,0,20
246,MathArticles/wpmath0000006/Degenerate_energy_levels/165.xml,1,0.6933989842685495,0.8204830917874396,5,20
247,MathArticles/wpmath0000009/Quantum_graph/34.xml,1,0.526751032871396,0.5743832047781166,5,20
248,MathArticles/wpmath0000003/Exact_differential/60.xml,0,0,0,0,0
249,MathArticles/wpmath0000009/LPBoost/33.xml,1,0.7262594957919699,0.8203258547008547,3,20
250,MathArticles/wpmath0000002/Adsorption/14.xml,1,0.8454638132883568,0.9035096153846154,3,20
251,MathArticles/wpmath0000014/Kirchhoff–Love_plate_theory/122.xml,0.7778935419052109,0.5128325553336112,0.6048484875912112,5,20
252,MathArticles/wpmath0000002/Uniqueness_quantification/4.xml,1,0.4874871505275585,0.6355940541033791,0,20
253,MathArticles/wpmath0000009/Generalised_circle/6.xml,1,0.6456140799712146,0.7358590303176439,0,20
254,MathArticles/wpmath0000015/TP_model_transformation_in_control_theory/2.xml,1,0.8998697859414618,1,1,20
255,MathArticles/wpmath0000003/Faà_di_Bruno's_formula/26.xml,1,0.47054974374175984,0.612899540697797,1,20
256,MathArticles/wpmath0000013/Percolation_critical_exponents/55.xml,0.6696428571428572,0.5984097618266759,0.6436471146938869,2,20
257,MathArticles/wpmath0000002/Thales'_theorem/9.xml,1,0.683311402649638,0.8794871794871795,0,20
258,MathArticles/wpmath0000008/Carnot_cycle/2.xml,1,0.5296500231105771,0.6029740504624442,1,20
259,MathArticles/wpmath0000004/Multiplier_(Fourier_analysis)/145.xml,1,0.8920933123249299,1,0,20
260,MathArticles/wpmath0000006/Noncentral_chi_distribution/17.xml,1,0.9504421460054077,1,1,20
261,MathArticles/wpmath0000005/Iterated_function/105.xml,1,0.8745794018155018,1,3,20
262,MathArticles/wpmath0000002/Negative_feedback/0.xml,0,0,0,0,0
263,MathArticles/wpmath0000002/Dispersion_(optics)/9.xml,1,0.7816341803660644,0.8941851144025057,2,20
264,MathArticles/wpmath0000007/XTR/54.xml,1,0.5790956715812816,0.618023937182933,1,20
265,MathArticles/wpmath0000011/X-Machine_Testing/5.xml,1,0.9404299404299404,1,2,20
266,MathArticles/wpmath0000001/Möbius_inversion_formula/5.xml,1,0.7305092503122563,0.7921553379416283,1,20
267,MathArticles/wpmath0000003/List_of_moments_of_inertia/55.xml,1,0.5910556604813201,0.736151381855867,3,20
268,MathArticles/wpmath0000006/Tautological_bundle/13.xml,1,0.5771136058098805,0.6776403440792323,1,20
269,MathArticles/wpmath0000009/Product_integral/14.xml,1,0.49334454867617406,0.6271419705229736,2,20
270,MathArticles/wpmath0000004/Solovay–Strassen_primality_test/4.xml,1,0.7430092592592592,0.8002777777777778,0,20
271,MathArticles/wpmath0000001/Affine_transformation/57.xml,1,0.5830199433614358,0.7100416566506997,0,20
272,MathArticles/wpmath0000015/Monoid_factorisation/1.xml,1,0.7581509723452746,0.9052808302808303,3,20
273,MathArticles/wpmath0000012/Fréchet_distance/37.xml,1,0.9278957558953745,1,0,20
274,MathArticles/wpmath0000014/Existential_theory_of_the_reals/13.xml,1,0.5503520921591551,0.6027139800696274,7,20
275,MathArticles/wpmath0000008/Metric_derivative/13.xml,1,0.8495633956841291,0.9524171146953405,1,20
276,MathArticles/wpmath0000005/Matrix_calculus/313.xml,0,0,0,0,0
277,MathArticles/wpmath0000001/Complex_number/56.xml,1,0.8286250664540138,1,1,20
278,MathArticles/wpmath0000008/Vectorization_(mathematics)/9.xml,1,0.49170439771536795,0.6466158852880735,1,20
279,MathArticles/wpmath0000012/Half-normal_distribution/15.xml,1,0.7218472958239387,0.7979142138311888,3,20
280,MathArticles/wpmath0000014/Rosati_involution/17.xml,0.48863636363636365,0.47648214285714285,0.48863636363636365,0,20
281,MathArticles/wpmath0000003/Group_ring/26.xml,1,0.6395924376696248,0.7061667851006086,2,20
282,MathArticles/wpmath0000013/Zeta_function_(operator)/1.xml,1,0.6160850256026065,0.7234395524762807,0,20
283,MathArticles/wpmath0000006/Gauge_covariant_derivative/15.xml,1,0.5593343013114916,0.6386257688458022,3,20
284,MathArticles/wpmath0000009/Dirichlet_algebra/0.xml,1,0.8159090909090909,0.865,9,20
285,MathArticles/wpmath0000001/Exponential_distribution/28.xml,0,0,0,0,0
286,MathArticles/wpmath0000013/Thin-film_interference/10.xml,1,0.6461681019272484,0.7279846928907915,6,20
287,MathArticles/wpmath0000014/Dagum_distribution/9.xml,1,0.5932543192308535,0.6797173009475157,1,20
288,MathArticles/wpmath0000014/Kirchhoff's_diffraction_formula/20.xml,0,0,0,0,0
289,MathArticles/wpmath0000004/Black-body_radiation/67.xml,1,0.5747295501261119,0.7471126552413433,3,20
290,MathArticles/wpmath0000001/Euclidean_space/20.xml,1,0.9209423828989046,1,7,20
291,MathArticles/wpmath0000006/Fresnel_diffraction/25.xml,1,0.9203340975544922,0.9513888888888888,0,20
292,MathArticles/wpmath0000014/Vaidya_metric/65.xml,1,0.5017809149736837,0.5967770751964095,3,20
293,MathArticles/wpmath0000002/Counting_measure/6.xml,1,0.9599893162393163,1,0,20
294,MathArticles/wpmath0000009/Contact_mechanics/29.xml,1,0.5233139045477083,0.6197558324090496,1,20
295,MathArticles/wpmath0000009/Nakagami_distribution/18.xml,1,0.7331176377616005,0.8303571428571428,2,20
296,MathArticles/wpmath0000009/Elliptic_boundary_value_problem/64.xml,1,0.9621394230769231,1,4,20
297,MathArticles/wpmath0000013/Equilibrium_chemistry/32.xml,0,0,0,0,0
298,MathArticles/wpmath0000013/Lagrangian_mechanics/4.xml,1,0.6083515178211621,0.6886216544934116,0,20
299,MathArticles/wpmath0000010/Synaptic_augmentation/3.xml,0.5535714285714286,0.5033279220779221,0.5180194805194805,0,20
300,MathArticles/wpmath0000007/Latent_Dirichlet_allocation/36.xml,1,0.814893410228788,1,0,20
301,MathArticles/wpmath0000007/Cook's_distance/0.xml,1,0.5237303173053847,0.5946331191301149,1,20
302,MathArticles/wpmath0000004/Verlet_integration/71.xml,0.4616703539823009,0.37062984137932126,0.4016214695600527,5,20
303,MathArticles/wpmath0000005/Matrix_calculus/15.xml,1,0.9576346982758621,1,0,20
304,MathArticles/wpmath0000013/Holmgren's_uniqueness_theorem/2.xml,1,0.5902970694493007,0.7200978305936295,1,20
305,MathArticles/wpmath0000003/Von_Neumann_bicommutant_theorem/58.xml,1,0.7385005495280461,0.8924644188557556,3,20
306,MathArticles/wpmath0000005/Thermodynamic_equations/10.xml,1,0.9073971193415638,0.978125,2,20
307,MathArticles/wpmath0000002/Forward_contract/27.xml,1,0.9077796642142992,1,2,20
308,MathArticles/wpmath0000006/Monochromatic_electromagnetic_plane_wave/32.xml,1,0.8796451396937667,1,0,20
309,MathArticles/wpmath0000001/Sedenion/8.xml,1,0.5164587019518067,0.6185304951813102,1,20
310,MathArticles/wpmath0000006/Stokes_radius/9.xml,1,0.6333260310474974,0.7607084637908986,2,20
311,MathArticles/wpmath0000013/Generalized_normal_distribution/11.xml,1,0.9476275565456852,1,2,20
312,MathArticles/wpmath0000011/Abstract_family_of_acceptors/77.xml,1,0.8865615130490965,1,0,20
313,MathArticles/wpmath0000007/Routhian_mechanics/207.xml,0,0,0,0,0
314,MathArticles/wpmath0000003/Chern–Simons_theory/12.xml,0,0,0,0,0
315,MathArticles/wpmath0000015/Entropy_production/34.xml,1,0.8421229016569518,0.9801612903225806,2,20
316,MathArticles/wpmath0000007/Random_permutation_statistics/243.xml,0.6317127454051796,0.4113860857081015,0.4619872123016159,0,20
317,MathArticles/wpmath0000006/Euler_function/11.xml,1,0.6794387264401686,0.7768599768182137,2,20
318,MathArticles/wpmath0000012/Dynamic_rectangle/6.xml,1,0.9890625,1,4,20
319,MathArticles/wpmath0000013/Compatibility_(mechanics)/14.xml,1,0.8493739687372964,0.9096428571428572,1,20
320,MathArticles/wpmath0000002/Commutative_property/11.xml,1,0.7886490526597536,0.9731666666666667,1,20
321,MathArticles/wpmath0000002/Column_space/6.xml,1,0.4669592972101495,0.5770013822360306,1,20
322,MathArticles/wpmath0000003/Cramér–Rao_bound/54.xml,1,0.9380912162162162,0.97375,2,20
323,MathArticles/wpmath0000006/Superconformal_algebra/28.xml,1,0.759873211704997,0.8714005602240896,2,20
324,MathArticles/wpmath0000012/Syncategorematic_term/9.xml,1,0.5431028104837141,0.6277433313628907,4,20
325,MathArticles/wpmath0000013/Phase_qubit/31.xml,0,0,0,0,0
326,MathArticles/wpmath0000016/Hopfield_dielectric/2.xml,0,0,0,0,0
327,MathArticles/wpmath0000001/Born–Oppenheimer_approximation/86.xml,1,0.730618834741794,0.8986691729323308,1,20
328,MathArticles/wpmath0000008/Ecosystem_model/1.xml,1,0.5503261176123717,0.598365559239678,0,20
329,MathArticles/wpmath0000009/List_of_space_groups/339.xml,1,0.6648495085995086,0.7306818181818182,8,20
330,MathArticles/wpmath0000005/Poincaré_metric/20.xml,1,0.6415230276779456,0.721114450290937,1,20
331,MathArticles/wpmath0000016/Effect_Model_law/28.xml,1,0.7422481074948446,0.9321210652093005,0,20
332,MathArticles/wpmath0000013/Super-resolution_microscopy/1.xml,1,0.564178465180747,0.6802388652433174,1,20
333,MathArticles/wpmath0000005/Reduced_form/1.xml,1,0.9032443240454077,1,1,20
334,MathArticles/wpmath0000013/Range_concatenation_grammars/33.xml,1,0.7590612311550511,0.9078846153846154,0,20
335,MathArticles/wpmath0000002/Spectral_density/28.xml,1,0.9015289502997259,1,1,20
336,MathArticles/wpmath0000001/Field_(mathematics)/23.xml,1,0.7562518507085569,0.8133333333333334,2,20
337,MathArticles/wpmath0000003/Proper_time/7.xml,1,0.9304326671891328,1,0,20
338,MathArticles/wpmath0000007/Truncated_5-cell/14.xml,1,0.7878379272919502,0.8639135755687479,0,20
339,MathArticles/wpmath0000002/History_of_geodesy/1.xml,1,0.6068577402590278,0.6948085930206693,2,20
340,MathArticles/wpmath0000012/Yeoh_(hyperelastic_model)/25.xml,0,0,0,0,0
341,MathArticles/wpmath0000002/Time_value_of_money/40.xml,1,0.583829487636745,0.694917212044463,0,20
342,MathArticles/wpmath0000009/Template_Elastic_moduli/8.xml,1,0.9791666666666666,1,2,20
343,MathArticles/wpmath0000004/Curvilinear_coordinates/40.xml,1,0.6887157924979284,0.7385927582437246,1,20
344,MathArticles/wpmath0000012/File_CrystalBallFunction.gif/3.xml,1,0.8865653953889248,1,3,20
345,MathArticles/wpmath0000001/Maxwell's_equations/178.xml,1,0.6927626676659091,0.7854593800942496,5,20
346,MathArticles/wpmath0000014/Classical_Cepheid_variable/6.xml,1,0.5785414686285856,0.693582231110858,3,20
347,MathArticles/wpmath0000016/Finite_volume_method_for_unsteady_flow/15.xml,1,0.45213740817475034,0.5491600874276743,1,20
348,MathArticles/wpmath0000008/Courant_bracket/15.xml,1,0.49316270410335933,0.5407312073999134,1,20
349,MathArticles/wpmath0000001/Laplace_transform/109.xml,1,0.5476234160530118,0.6536922351237012,1,20
350,MathArticles/wpmath0000003/Density_of_air/20.xml,1,0.9780625,1,0,20
351,MathArticles/wpmath0000002/Bode_plot/32.xml,1,0.9599010968280918,1,0,20
352,MathArticles/wpmath0000009/Clutter_(radar)/18.xml,1,0.7060397273003013,0.8624314207184932,1,20
353,MathArticles/wpmath0000006/Situation_calculus/2.xml,1,0.9659432917528573,1,0,20
354,MathArticles/wpmath0000009/Céa's_lemma/142.xml,1,0.5138803669186217,0.5694379994427055,1,20
355,MathArticles/wpmath0000012/Partial_molar_property/28.xml,1,0.72116657195498,0.8532917513058833,1,20
356,MathArticles/wpmath0000016/Intersection_(Euclidean_geometry)/78.xml,0.7737898208063714,0.5524723438881297,0.6230524311092263,3,20
357,MathArticles/wpmath0000001/Metropolis–Hastings_algorithm/17.xml,0,0,0,0,0
358,MathArticles/wpmath0000004/Adiabatic_theorem/40.xml,1,0.9938271604938271,1,2,20
359,MathArticles/wpmath0000016/Lorentz-violating_electrodynamics/39.xml,1,0.9191289627577717,1,1,20
360,MathArticles/wpmath0000014/Naor-Reingold_Pseudorandom_Function/50.xml,0,0,0,0,0
361,MathArticles/wpmath0000008/Space_(mathematics)/8.xml,1,0.8425222048066876,0.8976077586206896,9,20
362,MathArticles/wpmath0000010/Padua_points/31.xml,1,0.8780165330197158,1,3,20
363,MathArticles/wpmath0000014/Local_Elevation/5.xml,1,0.5631479891782888,0.6434205016335847,0,20
364,MathArticles/wpmath0000013/Alan_M._Frieze/14.xml,1,0.5801510612948922,0.6728952813180833,2,20
365,MathArticles/wpmath0000006/Interleave_sequence/1.xml,1,0.8787056128293241,0.9458333333333333,0,20
366,MathArticles/wpmath0000004/Adiabatic_theorem/10.xml,1,0.8227356902356903,0.8875757575757576,0,20
367,MathArticles/wpmath0000014/Orbital_angular_momentum_of_light/25.xml,1,0.6767495568949243,0.7757324628776241,2,20
368,MathArticles/wpmath0000004/Muzzle_energy/0.xml,1,0.6487093107321177,0.7854525058275058,1,20
369,MathArticles/wpmath0000007/Zero_differential_overlap/2.xml,1,0.5427975420776615,0.5886545274811201,5,20
370,MathArticles/wpmath0000013/Indefinite_sum/16.xml,1,0.7987292587308548,0.9073409133577308,1,20
371,MathArticles/wpmath0000006/Verma_module/78.xml,1,0.5692073590544772,0.6443906522247027,0,20
372,MathArticles/wpmath0000007/Schoof's_algorithm/61.xml,1,0.9237036420164335,1,1,20
373,MathArticles/wpmath0000010/Timoshenko_beam_theory/75.xml,1,1,1,0,20
374,MathArticles/wpmath0000005/Mittag-Leffler_function/3.xml,1,0.5574926345239107,0.6189019740383206,2,20
375,MathArticles/wpmath0000001/Product_of_rings/1.xml,1,0.47936857535067084,0.656030540927007,0,20
376,MathArticles/wpmath0000001/Uniform_continuity/26.xml,1,0.8925747863247863,0.9319444444444444,0,20
377,MathArticles/wpmath0000007/Weak_formulation/23.xml,1,0.7270328487401259,0.8615958235313074,0,20
378,MathArticles/wpmath0000005/Villarceau_circles/1.xml,1,0.624001593059758,0.7160751592416967,1,20
379,MathArticles/wpmath0000012/Polynomial_code/66.xml,1,1,1,2,20
380,MathArticles/wpmath0000004/Valuation_ring/8.xml,1,0.9158496732026143,0.9361111111111111,2,20
381,MathArticles/wpmath0000006/Circle_bundle/5.xml,1,0.7793496485132515,0.8794642857142857,4,20
382,MathArticles/wpmath0000002/Differential_operator/35.xml,1,0.6452369058768715,0.7360855106505078,1,20
383,MathArticles/wpmath0000004/Fugacity/17.xml,1,0.652837324768133,0.7600385486461435,0,20
384,MathArticles/wpmath0000006/Maxwell_stress_tensor/15.xml,1,0.5101165897587888,0.5861003360681667,5,20
385,MathArticles/wpmath0000005/Term_symbol/0.xml,1,0.49438571466645215,0.5544074571705023,3,20
386,MathArticles/wpmath0000008/Line–sphere_intersection/13.xml,0,0,0,0,0
387,MathArticles/wpmath0000014/Geopotential_model/17.xml,1,0.5874628565080463,0.7543152070063589,1,20
388,MathArticles/wpmath0000014/Coorbit_theory/5.xml,1,0.5930000709123965,0.6629356603067542,1,20
389,MathArticles/wpmath0000014/Growing_self-organizing_map/21.xml,1,0.7951901896511862,0.8993602661365819,0,20
390,MathArticles/wpmath0000012/Monogenic_field/2.xml,1,0.708276852313056,0.8802205610926541,0,20
391,MathArticles/wpmath0000003/Covariant_derivative/40.xml,0,0,0,0,0
392,MathArticles/wpmath0000007/Minkowski_plane/69.xml,0.6499999999999999,0.380890522875817,0.4308986928104575,0,20
393,MathArticles/wpmath0000003/Riemann–Liouville_integral/8.xml,1,0.47840930071691445,0.5622247621600293,1,20
394,MathArticles/wpmath0000016/Tensor_operator/65.xml,1,0.5005684830095258,0.6365155071736895,0,20
395,MathArticles/wpmath0000007/Persistence_length/4.xml,1,0.6811666761507665,0.756494653994654,0,20
396,MathArticles/wpmath0000007/Majority_logic_decoding/13.xml,1,0.645665613818427,0.7434163292847503,4,20
397,MathArticles/wpmath0000005/Laplace–Beltrami_operator/25.xml,0.764737117952113,0.51805915494001,0.6036080851612116,0,20
398,MathArticles/wpmath0000009/Ornstein–Zernike_equation/0.xml,1,0.5674387517717027,0.6503648461038785,3,20
399,MathArticles/wpmath0000006/Interval_arithmetic/31.xml,1,0.6675357623543811,0.7887949060743178,1,20
400,MathArticles/wpmath0000013/Range_concatenation_grammars/58.xml,1,0.782699915295541,0.9337594339622641,0,20
401,MathArticles/wpmath0000007/Quasi-bialgebra/38.xml,0,0,0,0,0
402,MathArticles/wpmath0000007/Field_line/1.xml,1,0.8204972023033463,1,0,20
403,MathArticles/wpmath0000005/Finite_model_theory/21.xml,1,0.9717948717948718,1,5,20
404,MathArticles/wpmath0000016/Additive_State_Decomposition/6.xml,1,0.7162107617278671,0.8568416161583293,1,20
405,MathArticles/wpmath0000012/Wind_turbine_aerodynamics/7.xml,0.9047619047619049,0.7291197647767854,0.8141678107574306,0,20
406,MathArticles/wpmath0000016/Biconvex_optimization/15.xml,1,0.90999740999741,1,2,20
407,MathArticles/wpmath0000015/Hybrid_difference_scheme/42.xml,0.692776341305753,0.5535449639909455,0.6302529059496712,3,20
408,MathArticles/wpmath0000001/Special_relativity/42.xml,1,0.6844416511585204,0.8864456131404322,0,20
409,MathArticles/wpmath0000009/Well-pointed_category/1.xml,1,1,1,0,20
410,MathArticles/wpmath0000016/Symmetric_spectrum/2.xml,1,0.4230984241954316,0.49575932294473285,2,20
411,MathArticles/wpmath0000008/CLEO_(particle_detector)/15.xml,0.5535714285714286,0.4969155844155844,0.5211038961038961,0,20
412,MathArticles/wpmath0000003/Borel–Kolmogorov_paradox/3.xml,1,0.7115183239867112,0.8878384551495017,1,20
413,MathArticles/wpmath0000014/Ordinary_differential_equation/42.xml,1,0.599393079802488,0.6692905302357501,3,20
414,MathArticles/wpmath0000009/Expected_shortfall/15.xml,1,0.5612142562607774,0.6641877925440415,0,20
415,MathArticles/wpmath0000014/Submodular_set_function/6.xml,1,0.9102188940092166,0.9393571428571428,2,20
416,MathArticles/wpmath0000009/Schatten_norm/26.xml,1,0.6304391056263369,0.7294949109175594,4,20
417,MathArticles/wpmath0000003/Constructible_universe/0.xml,0,0,0,0,0
418,MathArticles/wpmath0000003/Rhombic_dodecahedron/0.xml,1,0.6430066078862645,0.7483352102861696,0,20
419,MathArticles/wpmath0000004/Mathematical_coincidence/1.xml,1,0.6875678349858052,0.7284376772477459,0,20
420,MathArticles/wpmath0000005/Eisenstein_series/4.xml,1,0.6580148050077338,0.7287429480974645,6,20
421,MathArticles/wpmath0000013/Non-topological_soliton/55.xml,0.5837734741784038,0.41073408679874623,0.45042747906910274,1,20
422,MathArticles/wpmath0000002/Operator_norm/11.xml,1,0.5361236768693292,0.6253149252729264,3,20
423,MathArticles/wpmath0000015/Affine_term_structure_model/13.xml,1,0.5351982118380367,0.6544827770188353,0,20
424,MathArticles/wpmath0000007/Tautology_(logic)/29.xml,1,0.660353970269235,0.7483273809523809,2,20
425,MathArticles/wpmath0000013/Froda's_theorem/24.xml,0.6453496213300136,0.5084853159296276,0.6100856668466171,2,20
426,MathArticles/wpmath0000006/Cellular_homology/51.xml,0,0,0,0,0
427,MathArticles/wpmath0000003/Semiring/14.xml,1,0.7524165892536638,0.869390569807472,5,20
428,MathArticles/wpmath0000010/Portal_Chemistry__Useful_equations_and_links/102.xml,0.8653798256537982,0.5377302412015554,0.6421663018175361,3,20
429,MathArticles/wpmath0000001/Geostationary_orbit/2.xml,0.7641598915989161,0.5588199099691041,0.6265567361969778,2,20
430,MathArticles/wpmath0000012/Euler's_factorization_method/22.xml,1,0.7991618773946361,0.86375,5,20
431,MathArticles/wpmath0000012/Riemannian_connection_on_a_surface/32.xml,1,1,1,2,20
432,MathArticles/wpmath0000003/Deutsch–Jozsa_algorithm/47.xml,0,0,0,0,0
433,MathArticles/wpmath0000013/Narrow_escape_problem/3.xml,1,0.8741228070175439,1,1,20
434,MathArticles/wpmath0000012/List_of_nonlinear_partial_differential_equations/5.xml,1,0.590749124621112,0.6918452468813356,2,20
435,MathArticles/wpmath0000002/John_Wallis/2.xml,1,0.7679629421829317,1,0,20
436,MathArticles/wpmath0000008/Mortgage_calculator/6.xml,1,0.5628922859136689,0.6495548558352708,3,20
437,MathArticles/wpmath0000004/Positive_set_theory/11.xml,1,0.8479097656729235,1,1,20
438,MathArticles/wpmath0000008/Bending_moment/17.xml,0,0,0,0,0
439,MathArticles/wpmath0000010/Schrödinger_field/8.xml,0,0,0,0,0
440,MathArticles/wpmath0000001/Reed-Solomon_error_correction/230.xml,0.6397995522995523,0.47011984361698134,0.5257024327594091,2,20
441,MathArticles/wpmath0000001/Mandelbrot_set/116.xml,1,0.7772224704935274,0.9726190476190476,0,20
442,MathArticles/wpmath0000004/Mathematical_modelling_of_infectious_disease/12.xml,1,0.559190493214971,0.63249397650586,1,20
443,MathArticles/wpmath0000001/Continuum_mechanics/152.xml,1,1,1,0,20
444,MathArticles/wpmath0000012/Entropic_vector/56.xml,1,0.6534292514086067,0.7308729807712558,5,20
445,MathArticles/wpmath0000013/Stiffness_matrix/9.xml,1,0.5080667084269717,0.584299922005837,0,20
446,MathArticles/wpmath0000010/Quasi-isometry/22.xml,1,1,1,0,20
447,MathArticles/wpmath0000009/Polynomial_greatest_common_divisor/91.xml,1,0.9018853695324284,0.9725490196078431,7,20
448,MathArticles/wpmath0000001/Huygens–Fresnel_principle/2.xml,1,0.6043670813880176,0.7281677198893137,3,20
449,MathArticles/wpmath0000006/Larmor_formula/33.xml,1,0.6604262273276651,0.7421738800944951,0,20
450,MathArticles/wpmath0000007/Transmission_disequilibrium_test/26.xml,1,0.5297239086371739,0.595260793308737,0,20
451,MathArticles/wpmath0000005/Edge-graceful_labeling/2.xml,1,0.549067305354033,0.6377449483490424,0,20
452,MathArticles/wpmath0000015/Conformastatic_spacetimes/2.xml,1,0.9692496612466125,1,2,20
453,MathArticles/wpmath0000001/Separable_space/20.xml,1,0.636948141728523,0.7555658670033669,1,20
454,MathArticles/wpmath0000008/Bending_moment/38.xml,1,0.6688472105611244,0.729551640980303,2,20
455,MathArticles/wpmath0000002/Multilinear_map/43.xml,1,0.45594083417605236,0.565486762372935,2,20
456,MathArticles/wpmath0000013/Reflections_of_signals_on_conducting_lines/102.xml,1,0.6041879559241403,0.6781266669418538,1,20
457,MathArticles/wpmath0000004/G2_manifold/2.xml,1,0.6978510574960205,0.8186475592485318,4,20
458,MathArticles/wpmath0000001/Horner's_method/6.xml,1,0.9420871212121212,1,0,20
459,MathArticles/wpmath0000012/Mild-slope_equation/113.xml,1,1,1,0,20
460,MathArticles/wpmath0000012/Euler_spiral/9.xml,1,0.5524807256041299,0.6618586353776478,0,20
461,MathArticles/wpmath0000005/Particle_acceleration/1.xml,1,0.6387779164274054,0.7016551513919935,1,20
462,MathArticles/wpmath0000008/Betti's_theorem/19.xml,1,0.5994790069697289,0.7419383008845577,0,20
463,MathArticles/wpmath0000003/Free_product/7.xml,1,0.5937398198568874,0.7028532965994831,4,20
464,MathArticles/wpmath0000016/Monotone_comparative_statics/438.xml,1,0.9362329977035859,1,3,20
465,MathArticles/wpmath0000001/Depth_of_field/198.xml,1,0.582499143650157,0.7281031061961755,0,20
466,MathArticles/wpmath0000004/Curvilinear_coordinates/8.xml,0,0,0,0,0
467,MathArticles/wpmath0000013/IBAF_World_Rankings/0.xml,1,0.5795720457486156,0.6625912472432601,2,20
468,MathArticles/wpmath0000007/D'Alembert's_formula/24.xml,0,0,0,0,0
469,MathArticles/wpmath0000012/Template_Circlenotation/0.xml,1,0.9742424242424242,1,0,20
470,MathArticles/wpmath0000007/Jacobi_method/2.xml,0,0,0,0,0
471,MathArticles/wpmath0000001/Ideal_(ring_theory)/54.xml,0,0,0,0,0
472,MathArticles/wpmath0000004/Stone–von_Neumann_theorem/111.xml,1,0.5554589432569538,0.6395735936150353,4,20
473,MathArticles/wpmath0000013/Connes_embedding_problem/5.xml,1,0.6201821376435009,0.6857501401979069,1,20
474,MathArticles/wpmath0000005/Solar_irradiance/22.xml,1,0.476882832085831,0.5647738155773455,2,20
475,MathArticles/wpmath0000014/Radiation_stress/28.xml,1,0.5203521364429586,0.634915823751561,2,20
476,MathArticles/wpmath0000006/Degenerate_energy_levels/75.xml,1,0.8996163957949767,0.9887362637362638,2,20
477,MathArticles/wpmath0000009/Stirling_numbers_and_exponential_generating_functions_in_symbolic_combinatorics/15.xml,0,0,0,0,0
478,MathArticles/wpmath0000012/Rogers–Ramanujan_continued_fraction/35.xml,1,0.9178001277139208,1,2,20
479,MathArticles/wpmath0000006/Euler–Bernoulli_beam_theory/40.xml,1,0.47291972291085105,0.5581309837445937,4,20
480,MathArticles/wpmath0000013/Rossmo's_formula/9.xml,1,0.9698931623931624,1,2,20
481,MathArticles/wpmath0000007/Abraham–Lorentz_force/10.xml,1,0.5308535283676081,0.6199585789392555,0,20
482,MathArticles/wpmath0000006/Semicubical_parabola/13.xml,1,0.5852592763750111,0.655312941482189,0,20
483,MathArticles/wpmath0000001/Dimensional_analysis/93.xml,1,0.682765540027803,0.797621428168521,0,20
484,MathArticles/wpmath0000005/Correlation_function_(statistical_mechanics)/22.xml,0.5484765493076664,0.39684650616642086,0.5244139608098017,0,20
485,MathArticles/wpmath0000011/Four_exponentials_conjecture/2.xml,1,0.6456374907937827,0.8429894402599633,0,20
486,MathArticles/wpmath0000003/Projective_module/2.xml,1,0.5893348972117988,0.6678422611907385,0,20
487,MathArticles/wpmath0000013/Parity_function/20.xml,1,0.9093787099327265,0.9291666666666667,0,20
488,MathArticles/wpmath0000005/Fast_wavelet_transform/34.xml,1,0.5931739422172693,0.7115949820788531,2,20
489,MathArticles/wpmath0000012/Derivation_of_the_Routh_array/107.xml,1,0.8051295853269538,0.8995175438596491,0,20
490,MathArticles/wpmath0000015/Onsager–Machlup_function/5.xml,0,0,0,0,0
491,MathArticles/wpmath0000013/Mobile_Membranes/56.xml,1,0.5169645887131104,0.6667288709013661,2,20
492,MathArticles/wpmath0000008/Volterra_series/22.xml,0,0,0,0,0
493,MathArticles/wpmath0000008/Cross-entropy_method/7.xml,1,0.5956466896606363,0.6577761513231024,1,20
494,MathArticles/wpmath0000012/True_quantified_Boolean_formula/11.xml,1,0.8647196796338672,0.9197916666666667,1,20
495,MathArticles/wpmath0000002/Allele_frequency/1.xml,1,0.8390323942511099,1,3,20
496,MathArticles/wpmath0000001/Heterodyne/7.xml,0,0,0,0,0
497,MathArticles/wpmath0000004/Polaron/32.xml,0,0,0,0,0
498,MathArticles/wpmath0000012/Hesse_normal_form/8.xml,1,0.9515109397417504,1,0,20
499,MathArticles/wpmath0000013/Congestion_game/76.xml,1,0.5198807192243547,0.5717380693724877,0,20
500,MathArticles/wpmath0000014/Adequality/32.xml,1,1,1,0,20
501,MathArticles/wpmath0000007/Microscopic_reversibility/0.xml,1,0.954572966507177,1,0,20
502,MathArticles/wpmath0000003/Common_collector/24.xml,1,0.667027762780872,0.8023624123222824,1,20
503,MathArticles/wpmath0000004/Edge_coloring/72.xml,1,0.8102272727272727,0.8645833333333334,3,20
504,MathArticles/wpmath0000007/Hopf_bifurcation/14.xml,1,1,1,0,20
505,MathArticles/wpmath0000014/Synge's_world_function/10.xml,1,0.9280961298829914,1,0,20
506,MathArticles/wpmath0000007/Cyclic_code/25.xml,1,1,1,5,20
507,MathArticles/wpmath0000012/FKG_inequality/41.xml,1,0.48748588104464774,0.6252329112158951,0,20
508,MathArticles/wpmath0000007/Duhamel's_integral/11.xml,0,0,0,0,0
509,MathArticles/wpmath0000014/Low-rank_approximation/10.xml,0,0,0,0,0
510,MathArticles/wpmath0000007/Relative_velocity/30.xml,0,0,0,0,0
511,MathArticles/wpmath0000001/Polar_coordinate_system/59.xml,0.8259877873563218,0.5602476280185924,0.6425819860145456,3,20
512,MathArticles/wpmath0000002/Collision_detection/51.xml,1,0.8052387914230019,1,2,20
513,MathArticles/wpmath0000015/Self-dual_Palatini_action/159.xml,1,0.8743865942886097,0.9746711980548187,3,20
514,MathArticles/wpmath0000002/Rule_of_inference/0.xml,1,0.954572966507177,1,0,20
515,MathArticles/wpmath0000006/Brier_score/17.xml,0,0,0,0,0
516,MathArticles/wpmath0000002/Heat_exchanger/10.xml,1,0.6611115112970094,0.7511836030879603,0,20
517,MathArticles/wpmath0000003/Gröbner_basis/63.xml,1,0.9109720283239442,1,1,20
518,MathArticles/wpmath0000012/Latent_semantic_indexing/15.xml,1,0.4524884244993303,0.5180656669238107,0,20
519,MathArticles/wpmath0000005/Hanbury_Brown_and_Twiss_effect/4.xml,0,0,0,0,0
520,MathArticles/wpmath0000001/Torque/35.xml,0,0,0,0,0
521,MathArticles/wpmath0000001/Latitude/20.xml,0.3300324675324675,0.19225071662571663,0.20351297726297726,0,20
522,MathArticles/wpmath0000006/Chevalley_scheme/10.xml,1,0.7684490176140815,0.8488383167220377,6,20
523,MathArticles/wpmath0000008/De_Gua's_theorem/3.xml,1,0.8315421284739317,0.9055095637223296,8,20
524,MathArticles/wpmath0000016/Stochastic_portfolio_theory/101.xml,1,1,1,0,20
525,MathArticles/wpmath0000002/Quantum_decoherence/22.xml,1,0.4946494671125417,0.573088643883711,0,20
526,MathArticles/wpmath0000004/Normal_order/104.xml,1,0.9618785578747628,0.9857741935483871,3,20
527,MathArticles/wpmath0000003/Cramér–Rao_bound/58.xml,1,0.6036822924415852,0.6521461214116219,5,20
528,MathArticles/wpmath0000001/Tide/1.xml,1,0.7955309260965597,0.8408856429125187,3,20
529,MathArticles/wpmath0000012/Prototype_filter/11.xml,1,0.5086725731782331,0.5958319677398625,0,20
530,MathArticles/wpmath0000002/Moment_of_inertia/82.xml,1,0.6588038715190675,0.7590873975597059,0,20
531,MathArticles/wpmath0000003/Smith_chart/84.xml,1,0.6742320503979038,0.7824624212124213,2,20
532,MathArticles/wpmath0000006/Magnetic_reluctance/5.xml,1,0.7703713370870233,0.9424545454545454,2,20
533,MathArticles/wpmath0000016/Polynomial_least_squares/105.xml,1,0.9053968253968254,0.9711904761904762,5,20
534,MathArticles/wpmath0000008/Wigner_D-matrix/15.xml,1,0.510679926601129,0.5821335439757181,1,20
535,MathArticles/wpmath0000016/Cartan_pair/4.xml,1,0.871890091081362,0.9012442692096094,2,20
536,MathArticles/wpmath0000013/Quantum_differential_calculus/28.xml,1,0.9783764367816092,1,0,20
537,MathArticles/wpmath0000013/N-slit_interferometric_equation/8.xml,0,0,0,0,0
538,MathArticles/wpmath0000013/Cipolla's_algorithm/23.xml,1,0.7953712577542987,0.9146388888888889,2,20
539,MathArticles/wpmath0000002/Second_law_of_thermodynamics/73.xml,1,0.8821082219437483,1,0,20
540,MathArticles/wpmath0000012/Littlewood–Richardson_rule/18.xml,1,0.7123188762358043,0.7688322788691243,2,20
541,MathArticles/wpmath0000009/Fourier_integral_operator/4.xml,1,0.5321859527869812,0.6086192777319387,8,20
542,MathArticles/wpmath0000009/Peierls_stress/0.xml,1,0.5741025089796467,0.6110838161284293,8,20
543,MathArticles/wpmath0000013/Capacitated_minimum_spanning_tree/29.xml,1,0.9459620826259196,1,1,20
544,MathArticles/wpmath0000014/Homomorphic_signatures_for_network_coding/144.xml,1,0.8689427244526565,0.9558516761447662,1,20
545,MathArticles/wpmath0000008/Stochastic_volatility/5.xml,1,0.47091348572382347,0.5474730233390123,3,20
546,MathArticles/wpmath0000012/FOSD_origami/5.xml,1,0.4442034575884672,0.5839820826895396,0,20
547,MathArticles/wpmath0000013/General_Dirichlet_series/5.xml,1,0.8159872185193627,0.9830263157894736,0,20
548,MathArticles/wpmath0000009/Catalycity/2.xml,1,0.7480740016856339,0.8459926785543224,1,20
549,MathArticles/wpmath0000012/Signature_operator/14.xml,1,0.4719692157082161,0.540375679635909,2,20
550,MathArticles/wpmath0000007/Self-creation_cosmology/32.xml,1,0.6339105104317787,0.7164107015154296,0,20
551,MathArticles/wpmath0000001/Bra–ket_notation/45.xml,1,0.5966130143999022,0.7835873928115308,0,20
552,MathArticles/wpmath0000002/Local_ring/8.xml,1,0.9875714285714285,1,0,20
553,MathArticles/wpmath0000004/Tangent_half-angle_formula/12.xml,1,0.7384141231140023,0.9077432715434246,0,20
554,MathArticles/wpmath0000001/Borel–Cantelli_lemma/21.xml,1,0.9050757575757576,0.9475,2,20
555,MathArticles/wpmath0000004/Fermi's_interaction/4.xml,0.8902777777777777,0.48902709373514686,0.5229258565622149,2,20
556,MathArticles/wpmath0000007/Clausius_theorem/14.xml,1,0.5579572270221538,0.6502339957120106,0,20
557,MathArticles/wpmath0000014/Product_distribution/6.xml,0,0,0,0,0
558,MathArticles/wpmath0000005/Peak_signal-to-noise_ratio/0.xml,1,0.5570054389653345,0.5799407725186498,8,20
559,MathArticles/wpmath0000004/Conformal_symmetry/0.xml,1,0.6007915497437128,0.6768958579898047,3,20
560,MathArticles/wpmath0000001/Density_matrix/35.xml,1,0.8565660928249581,1,2,20
561,MathArticles/wpmath0000013/Method_of_quantum_characteristics/111.xml,1,0.703274529539725,0.8231100895659351,2,20
562,MathArticles/wpmath0000003/Square_triangular_number/31.xml,0,0,0,0,0
563,MathArticles/wpmath0000008/Absolute_presentation_of_a_group/22.xml,1,0.6520801694921912,0.7285322723253758,0,20
564,MathArticles/wpmath0000015/J-structure/7.xml,1,0.6149532770263386,0.6744549267471086,7,20
565,MathArticles/wpmath0000007/Cook's_distance/10.xml,1,0.9097839912280702,0.9947916666666666,0,20
566,MathArticles/wpmath0000005/Hull–White_model/17.xml,1,0.585125328566241,0.6578765382839777,2,20
567,MathArticles/wpmath0000004/Combinatorial_number_system/8.xml,0,0,0,0,0
568,MathArticles/wpmath0000001/Quadratic_formula/85.xml,1,0.6187254901960785,0.6627450980392157,0,20
569,MathArticles/wpmath0000008/Grassmann's_law_(optics)/1.xml,1,0.8982819116757411,0.9684780701754386,7,20
570,MathArticles/wpmath0000001/Stefan-Boltzmann_law/111.xml,0,0,0,0,0
571,MathArticles/wpmath0000007/Symplectic_cut/29.xml,1,0.5438731363126188,0.6568803344116491,3,20
572,MathArticles/wpmath0000010/Universal_parabolic_constant/1.xml,1,0.8695424244096631,0.976827485380117,0,20
573,MathArticles/wpmath0000007/Minakshisundaram–Pleijel_zeta_function/4.xml,1,0.531359639430654,0.5994724326386651,1,20
574,MathArticles/wpmath0000002/Magnetic_susceptibility/17.xml,0,0,0,0,0
575,MathArticles/wpmath0000004/Verlet_integration/107.xml,1,0.5346414672211565,0.6503026875543434,2,20
576,MathArticles/wpmath0000009/Channel-state_duality/3.xml,1,0.7185246891395208,0.8087866502866503,2,20
577,MathArticles/wpmath0000001/Big_O_notation/17.xml,1,0.502969184408474,0.5944754558883806,0,20
578,MathArticles/wpmath0000007/McNemar's_test/4.xml,1,0.5794817239281119,0.6817048342050941,1,20
579,MathArticles/wpmath0000004/Analytic_combinatorics/13.xml,1,0.601505403072761,0.6632588091200301,4,20
580,MathArticles/wpmath0000007/Poincaré_inequality/5.xml,1,0.47326127697846,0.5589445381145377,2,20
581,MathArticles/wpmath0000006/Pentation/32.xml,0,0,0,0,0
582,MathArticles/wpmath0000015/Noncommutative_signal-flow_graph/15.xml,0.5,0.4894781144781145,0.49772727272727274,2,20
583,MathArticles/wpmath0000001/Inclined_plane/21.xml,1,0.6609422668717458,0.7750225923468254,0,20
584,MathArticles/wpmath0000004/Ramanujan–Petersson_conjecture/52.xml,1,0.9107374338624339,1,0,20
585,MathArticles/wpmath0000003/Loss_function/20.xml,1,0.5595308688587806,0.6692846684963001,2,20
586,MathArticles/wpmath0000007/Ballistic_conduction/19.xml,1,0.9367901234567901,1,5,20
587,MathArticles/wpmath0000007/Grüneisen_parameter/47.xml,0,0,0,0,0
588,MathArticles/wpmath0000005/Cournot_competition/56.xml,1,0.6252054248537113,0.7131633871070744,0,20
589,MathArticles/wpmath0000003/Module_homomorphism/3.xml,1,0.838910883120821,0.9315665584415584,0,20
590,MathArticles/wpmath0000004/Kronecker_symbol/28.xml,1,0.8094954546641778,0.9220100944597849,6,20
591,MathArticles/wpmath0000009/The_Dark_Energy_Survey/61.xml,1,0.518596329864922,0.6131090235644682,1,20
592,MathArticles/wpmath0000002/Zeta_distribution/0.xml,1,0.45583496187038336,0.549405385400731,1,20
593,MathArticles/wpmath0000006/Steenrod_algebra/9.xml,1,0.5554139311739625,0.6409060557423182,3,20
594,MathArticles/wpmath0000005/Schwarzschild_geodesics/121.xml,1,0.5158713439113225,0.5886855132286115,3,20
595,MathArticles/wpmath0000002/Initialized_fractional_calculus/0.xml,1,0.6963633629479885,0.8226498347692727,2,20
596,MathArticles/wpmath0000009/Flatness_(systems_theory)/12.xml,1,0.7044118516730177,0.7987556010453798,1,20
597,MathArticles/wpmath0000003/Dodecagon/4.xml,1,0.39162000148005316,0.4648845929086487,0,20
598,MathArticles/wpmath0000001/Polish_notation/18.xml,1,0.7759472049689441,0.9065320910973085,0,20
599,MathArticles/wpmath0000013/Subliminal_channel/40.xml,0,0,0,0,0
600,MathArticles/wpmath0000007/Buzen's_algorithm/7.xml,1,0.43538455804884907,0.5198627063112379,1,20
601,MathArticles/wpmath0000014/Cartesian_monoid/5.xml,1,0.8723617511520737,1,0,20
602,MathArticles/wpmath0000014/Berlekamp–Welch_algorithm/158.xml,1,0.6066409651576387,0.6416963585696646,7,20
603,MathArticles/wpmath0000012/Exact_division/18.xml,1,0.8667952183350734,1,2,20
604,MathArticles/wpmath0000007/Joukowsky_transform/13.xml,1,0.6055034764705607,0.6846344249170143,3,20
605,MathArticles/wpmath0000009/Ducci_sequence/3.xml,1,0.46088086256317773,0.5234740246952325,2,20
606,MathArticles/wpmath0000003/Apriori_algorithm/10.xml,1,0.6464727260886988,0.742002642320254,4,20
607,MathArticles/wpmath0000005/Suffix_array/23.xml,1,0.8337389770723105,0.8762500000000001,2,20
608,MathArticles/wpmath0000010/Schilder's_theorem/3.xml,1,0.6374140877948491,0.7152039273071902,2,20
609,MathArticles/wpmath0000004/Karoubi_envelope/0.xml,1,0.8708722540983775,1,1,20
610,MathArticles/wpmath0000003/Limit_cardinal/22.xml,1,0.626676442874823,0.6586457174638487,0,20
611,MathArticles/wpmath0000003/Gorenstein_ring/8.xml,1,0.9699378654970761,1,1,20
612,MathArticles/wpmath0000004/Wigner–Eckart_theorem/16.xml,1,0.5531772951315989,0.689104552171121,0,20
613,MathArticles/wpmath0000012/List_of_nonlinear_partial_differential_equations/84.xml,1,0.5449185344581945,0.5978209176127905,3,20
614,MathArticles/wpmath0000001/Centimetre–gram–second_system_of_units/20.xml,1,0.7716344197307644,0.8839573259187621,0,20
615,MathArticles/wpmath0000016/Spline_wavelet/51.xml,1,0.6922250490716875,0.9525238095238096,0,20
616,MathArticles/wpmath0000016/L-cysteine_1D-myo-inositol_2-amino-2-deoxy-alpha-D-glucopyranoside_ligase/0.xml,1,1,1,0,20
617,MathArticles/wpmath0000001/Geometric_distribution/20.xml,1,0.5700633988528343,0.7102404521022322,0,20
618,MathArticles/wpmath0000004/Spectrum_(topology)/40.xml,1,0.6469517013613713,0.7478942865544241,1,20
619,MathArticles/wpmath0000004/Divergent_series/7.xml,1,0.5580991572996546,0.6581369322882138,3,20
620,MathArticles/wpmath0000016/Light-front_computational_methods/176.xml,1,0.7800899172666415,1,0,20
621,MathArticles/wpmath0000009/Gauss's_continued_fraction/57.xml,1,0.581217138975514,0.6730485505403015,0,20
622,MathArticles/wpmath0000008/Random_phase_approximation/5.xml,0,0,0,0,0
623,MathArticles/wpmath0000001/Square_root/36.xml,1,0.5362672047197394,0.6075814250651371,0,20
624,MathArticles/wpmath0000005/Real_gas/10.xml,1,0.60041984783152,0.7009465688390222,3,20
625,MathArticles/wpmath0000009/Flow_velocity/10.xml,1,0.8908711510958452,0.9229088669950739,0,20
626,MathArticles/wpmath0000006/Resolution_(logic)/22.xml,0.586764705882353,0.565185009487666,0.586764705882353,0,20
627,MathArticles/wpmath0000007/Unit-weighted_regression/0.xml,1,0.5252194078643758,0.6067811054244834,2,20
628,MathArticles/wpmath0000008/Category_Spiric_sections/0.xml,0.7219370518477661,0.6505546937851173,0.6894250879672172,5,20
629,MathArticles/wpmath0000001/Density_matrix/42.xml,1,0.8895058883768562,1,5,20
630,MathArticles/wpmath0000004/Differentiation_under_the_integral_sign/10.xml,1,0.792455621114883,0.8989534221536732,4,20
631,MathArticles/wpmath0000014/Orbital_perturbation_analysis_(spacecraft)/18.xml,1,0.74544319310827,0.8934037824258187,0,20
632,MathArticles/wpmath0000003/Frobenius_theorem_(differential_topology)/46.xml,1,0.620965822663292,0.6967470584668868,2,20
633,MathArticles/wpmath0000003/Van_der_Pauw_method/11.xml,1,0.5389887569093234,0.6196209075337458,3,20
634,MathArticles/wpmath0000016/Laver_property/13.xml,1,0.9759803921568627,1,3,20
635,MathArticles/wpmath0000001/Floor_and_ceiling_functions/51.xml,1,0.7519118055745908,0.8291666666666666,6,20
636,MathArticles/wpmath0000005/Linkage_principle/31.xml,0,0,0,0,0
637,MathArticles/wpmath0000008/Elliptic_rational_functions/40.xml,1,0.972488038277512,1,1,20
638,MathArticles/wpmath0000003/Knudsen_number/17.xml,1,0.6702252755192947,0.7410379656665498,0,20
639,MathArticles/wpmath0000012/Commutation_theorem/20.xml,1,0.6319585184176627,0.7068833915115045,1,20
640,MathArticles/wpmath0000008/Algebraically_closed_group/87.xml,1,0.9860119047619048,1,0,20
641,MathArticles/wpmath0000008/Crossed_ladders_problem/28.xml,1,0.7375551760332292,0.7999805602832325,4,20
642,MathArticles/wpmath0000003/Linear_least_squares_(mathematics)/146.xml,1,0.795143070486145,0.8882701016524546,2,20
643,MathArticles/wpmath0000013/Jacobian_curve/10.xml,1,0.4915880354144241,0.6089839500777001,0,20
644,MathArticles/wpmath0000005/Multiresolution_analysis/17.xml,0.596875,0.5374672227922307,0.5726023654326182,0,20
645,MathArticles/wpmath0000001/Catenary/62.xml,1,0.5838955029859082,0.6755480950481598,0,20
646,MathArticles/wpmath0000005/Eccentricity_(mathematics)/13.xml,1,0.8945405882045432,1,2,20
647,MathArticles/wpmath0000014/Bounded_type_(mathematics)/28.xml,1,0.9301234567901234,1,4,20
648,MathArticles/wpmath0000002/Negative_resistance/112.xml,0.6498651312376802,0.4985623311945724,0.568719212318866,1,20
649,MathArticles/wpmath0000006/Exact_cover/14.xml,0.48863636363636365,0.46391965877259994,0.48863636363636365,3,20
650,MathArticles/wpmath0000003/Lattice_(order)/15.xml,1,0.9610745614035088,1,4,20
651,MathArticles/wpmath0000007/Alternating_permutation/27.xml,1,0.5706159481835347,0.7166363843345264,0,20
652,MathArticles/wpmath0000013/Bose–Mesner_algebra/65.xml,1,0.9330882352941177,1,0,20
653,MathArticles/wpmath0000002/Summation/35.xml,1,0.6218352219062495,0.6873538426677829,2,20
654,MathArticles/wpmath0000006/Simple_linear_regression/6.xml,1,0.926569794362261,1,1,20
655,MathArticles/wpmath0000008/Line–line_intersection/11.xml,0,0,0,0,0
656,MathArticles/wpmath0000001/Accuracy_and_precision/0.xml,1,0.5443679751826861,0.5995392611256273,0,20
657,MathArticles/wpmath0000003/De_Sitter_universe/7.xml,1,0.9248055555555555,1,0,20
658,MathArticles/wpmath0000012/Weak_gravitational_lensing/15.xml,1,0.3773588024294546,0.45232371794871795,0,20
659,MathArticles/wpmath0000016/Microscale_and_macroscale_models/12.xml,1,0.9671458739441195,1,2,20
660,MathArticles/wpmath0000001/Euclidean_space/22.xml,1,0.8745303544065154,1,3,20
661,MathArticles/wpmath0000012/Imaginary_hyperelliptic_curve/436.xml,1,0.6713893591630042,0.7766886863136864,1,20
662,MathArticles/wpmath0000006/Gamma_matrices/144.xml,1,0.6313269368493094,0.8265379821030506,0,20
663,MathArticles/wpmath0000012/Parity_problem_(sieve_theory)/10.xml,1,0.6361323113087217,0.7897683062664846,2,20
664,MathArticles/wpmath0000012/Matrix_differential_equation/13.xml,1,0.5848488286708701,0.6630772149360119,1,20
665,MathArticles/wpmath0000003/Solid_of_revolution/5.xml,1,0.4843468511371363,0.6246793788734135,1,20
666,MathArticles/wpmath0000007/Balian–Low_theorem/0.xml,1,0.5526882385093885,0.6237814177331311,3,20
667,MathArticles/wpmath0000012/Meridian_arc/70.xml,1,0.7928569673101333,0.9591157407407407,3,20
668,MathArticles/wpmath0000014/GPS_enhancement/14.xml,1,0.582265860353935,0.8110047676732249,0,20
669,MathArticles/wpmath0000003/Outer_measure/11.xml,0,0,0,0,0
670,MathArticles/wpmath0000001/Compass-and-straightedge_construction/5.xml,1,0.5565560775869424,0.6438678761496173,1,20
671,MathArticles/wpmath0000004/Direct_methanol_fuel_cell/3.xml,1,0.6269751029507696,0.6901426460318159,0,20
672,MathArticles/wpmath0000012/Template_DoseConcentrationClearance/10.xml,0.8011363636363636,0.6245685024640962,0.6757980747071886,2,20
673,MathArticles/wpmath0000013/Uncertainty_theory/97.xml,1,0.5591659187972408,0.644380968747894,1,20
674,MathArticles/wpmath0000003/Geographic_coordinate_conversion/71.xml,1,0.6097534878025268,0.6532294429708223,2,20
675,MathArticles/wpmath0000006/Lambda_lifting/204.xml,0,0,0,0,0
676,MathArticles/wpmath0000004/Compound_Poisson_distribution/1.xml,1,0.9450709257598102,1,1,20
677,MathArticles/wpmath0000004/Batalin–Vilkovisky_formalism/40.xml,1,0.49372934637633326,0.5726133425414082,0,20
678,MathArticles/wpmath0000015/Vector_logic/57.xml,1,0.4864609133969666,0.5629774198580396,0,20
679,MathArticles/wpmath0000007/Quadric_(projective_geometry)/92.xml,0,0,0,0,0
680,MathArticles/wpmath0000001/Cyclic_redundancy_check/2.xml,1,0.7804022704932818,0.8538048361248145,2,20
681,MathArticles/wpmath0000006/Neo-Hookean_solid/76.xml,1,0.8913125,0.9257916666666667,0,20
682,MathArticles/wpmath0000007/Lifting_scheme/15.xml,1,0.8562987313946714,0.9067857142857143,3,20
683,MathArticles/wpmath0000015/CDP-L-myo-inositol_myo-inositolphosphotransferase/0.xml,1,1,1,0,20
684,MathArticles/wpmath0000001/Floating_point/52.xml,1,0.5983439149307845,0.693038709459996,0,20
685,MathArticles/wpmath0000016/Redundant_proof/2.xml,1,1,1,0,20
686,MathArticles/wpmath0000006/Table_of_Clebsch–Gordan_coefficients/324.xml,1,0.7990131578947369,0.895,2,20
687,MathArticles/wpmath0000009/Spectral_risk_measure/31.xml,1,0.8657363552520683,0.9760555555555556,1,20
688,MathArticles/wpmath0000001/Gluon/11.xml,0.5,0.3892073248981313,0.48020833333333335,0,20
689,MathArticles/wpmath0000002/Bohr_radius/10.xml,1,0.6674828227100211,0.7196677558646406,4,20
690,MathArticles/wpmath0000003/Kazimierz_Zarankiewicz/2.xml,1,0.6479342076671601,0.7586949760010104,3,20
691,MathArticles/wpmath0000015/Weyl_metrics/81.xml,0,0,0,0,0
692,MathArticles/wpmath0000003/Lane–Emden_equation/76.xml,1,0.971161421299289,1,3,20
693,MathArticles/wpmath0000012/Pocket_set_theory/8.xml,0,0,0,0,0
694,MathArticles/wpmath0000001/Duty_cycle/0.xml,1,0.6405813614997836,0.7525267319689377,1,20
695,MathArticles/wpmath0000002/Möbius_transformation/133.xml,0.5086673742923743,0.41506612603140747,0.46850576123524323,0,20
696,MathArticles/wpmath0000003/Group_extension/7.xml,1,0.7210407518852392,0.8606646825396825,0,20
697,MathArticles/wpmath0000012/Spectral_concentration_problem/11.xml,0,0,0,0,0
698,MathArticles/wpmath0000013/Packing_in_a_hypergraph/70.xml,1,0.6382081830306869,0.7201258960619349,0,20
699,MathArticles/wpmath0000014/Homomorphic_signatures_for_network_coding/18.xml,1,0.5123285587859385,0.6211565874012417,0,20
700,MathArticles/wpmath0000006/Rational_trigonometry/27.xml,1,0.640053200745846,0.7495145997131979,0,20
701,MathArticles/wpmath0000014/Large_margin_nearest_neighbor/7.xml,1,0.9906521739130435,1,0,20
702,MathArticles/wpmath0000008/Fiber_(mathematics)/0.xml,1,0.7747020596362701,0.9194444444444445,1,20
703,MathArticles/wpmath0000001/Genetic_algorithm/18.xml,1,0.7674410230292583,0.9359615384615385,0,20
704,MathArticles/wpmath0000004/Divided_differences/25.xml,1,0.5275806199771907,0.6031852343996457,2,20
705,MathArticles/wpmath0000005/Uniform_distribution_(discrete)/5.xml,1,0.8638888888888889,1,0,20
706,MathArticles/wpmath0000012/Ergodic_process/11.xml,1,0.45063024465670565,0.622024390490683,4,20
707,MathArticles/wpmath0000006/List_of_fractals_by_Hausdorff_dimension/46.xml,0.835610465116279,0.6369803385755598,0.6873890809534131,4,20
708,MathArticles/wpmath0000001/Prime_number/10.xml,1,0.9596153846153846,1,5,20
709,MathArticles/wpmath0000014/Posterior_predictive_distribution/1.xml,1,0.8476364622312715,0.9635876623376624,0,20
710,MathArticles/wpmath0000007/Cauchy_stress_tensor/214.xml,1,0.5119489338681945,0.6430636355342534,0,20
711,MathArticles/wpmath0000003/Gaussian_integral/40.xml,0.46300391932993396,0.4055851784392692,0.4409070403467595,2,20
712,MathArticles/wpmath0000006/Mooney–Rivlin_solid/35.xml,1,0.967334777160292,1,0,20
713,MathArticles/wpmath0000007/Carathéodory–Jacobi–Lie_theorem/4.xml,1,0.9346666666666666,1,0,20
714,MathArticles/wpmath0000013/K-factor_(marketing)/1.xml,1,0.8225957049486461,0.9124999999999999,2,20
715,MathArticles/wpmath0000009/Qualitative_variation/21.xml,1,0.731163725741001,0.819105355131191,1,20
716,MathArticles/wpmath0000003/Circle_of_a_sphere/5.xml,1,0.7007333047346593,0.8062288093935508,0,20
717,MathArticles/wpmath0000015/Mutation_(Jordan_algebra)/10.xml,0.6802395649617872,0.5104688761679106,0.5869752334307015,0,20
718,MathArticles/wpmath0000004/Constitutive_equation/44.xml,1,0.6732277964597291,0.7504108441556661,1,20
719,MathArticles/wpmath0000010/Trans-2-enoyl-CoA_reductase_(NAD+)/0.xml,1,1,1,0,20
720,MathArticles/wpmath0000005/Friis_formulas_for_noise/7.xml,1,0.5518818794037509,0.6400807207924774,1,20
721,MathArticles/wpmath0000011/Non-linear_least_squares/59.xml,1,0.5869278454449699,0.7137780064864273,0,20
722,MathArticles/wpmath0000006/Parameterized_post-Newtonian_formalism/135.xml,1,0.923782562466773,0.9766666666666667,5,20
723,MathArticles/wpmath0000002/Chebyshev_polynomials/32.xml,1,0.6111328987517352,0.6911636179986124,2,20
724,MathArticles/wpmath0000001/Feynman_diagram/13.xml,1,0.5118481270096931,0.607244133421265,1,20
725,MathArticles/wpmath0000003/Non-abelian_gauge_transformation/9.xml,1,0.873793146888385,0.960787037037037,5,20
726,MathArticles/wpmath0000016/Min_entropy/9.xml,1,0.859848661686897,1,2,20
727,MathArticles/wpmath0000004/Lyapunov_equation/8.xml,1,0.9042441630391769,1,1,20
728,MathArticles/wpmath0000016/Draft_Mutual_energy_theorem/43.xml,0.5497649894389025,0.5497649894389025,0.5497649894389025,19,20
729,MathArticles/wpmath0000007/Variance_decomposition_of_forecast_errors/4.xml,1,0.6355030229828682,0.834379069793223,0,20
730,MathArticles/wpmath0000015/Dispersive_body_waves/2.xml,1,0.6889784804367332,0.8348753063424699,0,20
731,MathArticles/wpmath0000012/Coulomb_wave_function/17.xml,0,0,0,0,0
732,MathArticles/wpmath0000012/Durbin_test/15.xml,1,0.47413576569553195,0.5432768466627366,1,20
733,MathArticles/wpmath0000001/Dirac_equation/76.xml,1,0.6035977471824074,0.7109053348373928,4,20
734,MathArticles/wpmath0000015/Matroid_polytope/18.xml,1,0.9463101851851852,1,0,20
735,MathArticles/wpmath0000004/Hermitian_hat_wavelet/1.xml,0,0,0,0,0
736,MathArticles/wpmath0000006/Table_of_Clebsch–Gordan_coefficients/34.xml,1,0.9336805555555555,0.975625,4,20
737,MathArticles/wpmath0000004/Black-body_radiation/4.xml,1,0.5772006214782629,0.615709839500771,7,20
738,MathArticles/wpmath0000009/Schur_functor/0.xml,1,0.7021400019706376,0.8536151574789964,1,20
739,MathArticles/wpmath0000004/Method_of_analytic_tableaux/131.xml,1,0.9562571839080459,1,0,20
740,MathArticles/wpmath0000013/Inductive_type/4.xml,1,0.4856887943008977,0.5945319357338368,6,20
741,MathArticles/wpmath0000015/Fractional_Poisson_process/67.xml,0,0,0,0,0
742,MathArticles/wpmath0000002/Lie_algebroid/14.xml,1,0.9732406165486579,1,3,20
743,MathArticles/wpmath0000016/Equation-free_modeling/3.xml,1,0.9933333333333333,1,1,20
744,MathArticles/wpmath0000013/Mandelbulb/35.xml,1,0.5130179827998056,0.5659587231672754,3,20
745,MathArticles/wpmath0000012/Orthogonality_principle/6.xml,1,0.6156791125541126,0.6326055194805195,6,20
746,MathArticles/wpmath0000002/Recurrence_relation/108.xml,1,0.5313000473729861,0.65629644716072,2,20
747,MathArticles/wpmath0000015/Background_subtraction/20.xml,1,0.44322850874921094,0.5297889713469467,0,20
748,MathArticles/wpmath0000007/Orthotropic_material/0.xml,0.9264285714285714,0.8171425725544499,0.870460520960521,2,20
749,MathArticles/wpmath0000012/Loop_variant/10.xml,1,0.7526146154638392,0.8707023082990825,1,20
750,MathArticles/wpmath0000001/Binomial_coefficient/171.xml,0.632292842965289,0.5210884039331524,0.5866409479289433,2,20
751,MathArticles/wpmath0000005/System_of_imprimitivity/7.xml,1,0.5644316939418204,0.6423279655213132,2,20
752,MathArticles/wpmath0000005/Square-cube_law/8.xml,1,0.874913943041981,1,1,20
753,MathArticles/wpmath0000004/Frenet–Serret_formulas/27.xml,0,0,0,0,0
754,MathArticles/wpmath0000016/Datafly_algorithm/13.xml,1,0.48356918467951343,0.6231060606060606,0,20
755,MathArticles/wpmath0000001/Acoustic_theory/61.xml,0,0,0,0,0
756,MathArticles/wpmath0000001/Distribution_(mathematics)/0.xml,1,0.9148496384320385,1,1,20
757,MathArticles/wpmath0000007/Orthotropic_material/69.xml,1,0.8268330232146022,0.8913157894736842,2,20
758,MathArticles/wpmath0000013/Föppl–von_Kármán_equations/25.xml,0,0,0,0,0
759,MathArticles/wpmath0000003/Short-time_Fourier_transform/11.xml,1,0.590671514544902,0.6843559360993223,1,20
760,MathArticles/wpmath0000014/List_of_logic_systems/3.xml,1,0.9259056001325479,1,1,20
761,MathArticles/wpmath0000007/Symmetric_derivative/12.xml,1,0.3586623743815439,0.44254185613594793,4,20
762,MathArticles/wpmath0000004/Inverse_Galois_problem/6.xml,1,0.7788461538461539,1,1,20
763,MathArticles/wpmath0000013/Cipolla's_algorithm/72.xml,1,0.5852294128272951,0.6836055748838971,3,20
764,MathArticles/wpmath0000004/Canonical_quantization/14.xml,1,0.7457611731126417,0.9017403027465095,3,20
765,MathArticles/wpmath0000014/Ordinary_differential_equation/41.xml,1,0.7756071526769192,0.9366296003825518,1,20
766,MathArticles/wpmath0000005/Countable_chain_condition/0.xml,1,0.4719911581056159,0.5591666666666667,0,20
767,MathArticles/wpmath0000001/Angular_momentum/163.xml,0,0,0,0,0
768,MathArticles/wpmath0000001/Elementary_algebra/218.xml,1,0.5145723077960891,0.6810022808979851,1,20
769,MathArticles/wpmath0000002/Negative_resistance/141.xml,1,0.717240893152683,0.8367774086378738,1,20
770,MathArticles/wpmath0000014/Miller_theorem/0.xml,1,0.8590783705921223,0.9889743589743589,0,20
771,MathArticles/wpmath0000013/Transposable_integer/80.xml,1,0.8472222222222222,0.9444444444444444,1,20
772,MathArticles/wpmath0000014/Naor-Reingold_Pseudorandom_Function/18.xml,1,0.776789925081521,0.8461653225806451,1,20
773,MathArticles/wpmath0000002/Unit_vector/2.xml,1,0.592499167538502,0.7173472152516036,0,20
774,MathArticles/wpmath0000014/Two-state_trajectory/0.xml,0,0,0,0,0
775,MathArticles/wpmath0000003/Kullback–Leibler_divergence/114.xml,1,0.5573482523865455,0.6307469383165976,1,20
776,MathArticles/wpmath0000014/Strictly_standardized_mean_difference/66.xml,1,0.7177887245109182,0.772213441890166,1,20
777,MathArticles/wpmath0000001/Communication_complexity/4.xml,1,0.8299683926415228,0.9149999999999999,1,20
778,MathArticles/wpmath0000007/Division_algorithm/3.xml,1,0.8448808258018784,0.8720614035087719,2,20
779,MathArticles/wpmath0000006/Shear_rate/5.xml,1,0.6937076409475892,0.7657867935843788,2,20
780,MathArticles/wpmath0000006/Lambda_lifting/108.xml,0.7980021216407355,0.5068968183809416,0.5406925930523576,5,20
781,MathArticles/wpmath0000016/Range_mode_query/146.xml,1,0.8910714285714285,0.9045833333333333,6,20
782,MathArticles/wpmath0000014/Product_numerical_range/3.xml,1,0.718522270498651,0.8355482456140351,6,20
783,MathArticles/wpmath0000004/Graph_homomorphism/12.xml,1,0.7833775795778516,1,2,20
784,MathArticles/wpmath0000006/Quasi-finite_morphism/0.xml,1,0.627615935635889,0.6884387879527861,3,20
785,MathArticles/wpmath0000014/Coppersmith's_Attack/31.xml,1,0.6995771724461656,0.8038095238095239,1,20
786,MathArticles/wpmath0000005/Correlation_function_(statistical_mechanics)/10.xml,1,0.6736930318334872,0.8957251082251082,1,20
787,MathArticles/wpmath0000004/Lagrange_reversion_theorem/6.xml,1,0.8833886800334169,1,0,20
788,MathArticles/wpmath0000016/Singular_trace/24.xml,0,0,0,0,0
789,MathArticles/wpmath0000005/Canonical_ring/6.xml,1,0.5848261565873463,0.6906506571720304,1,20
790,MathArticles/wpmath0000013/Quantum_spacetime/17.xml,1,0.9471789670902574,1,0,20
791,MathArticles/wpmath0000007/Planar_ternary_ring/36.xml,1,0.6287876298958611,0.7225917959474354,0,20
792,MathArticles/wpmath0000016/Next-generation_matrix/14.xml,1,0.8741228070175439,1,1,20
793,MathArticles/wpmath0000007/Damerau–Levenshtein_distance/13.xml,1,0.8746751519021634,0.9099999999999999,2,20
794,MathArticles/wpmath0000006/Machin-like_formula/54.xml,0,0,0,0,0
795,MathArticles/wpmath0000004/Basic_Linear_Algebra_Subprograms/2.xml,1,0.6297548960390236,0.7336844592074381,0,20
796,MathArticles/wpmath0000006/Gauss's_constant/4.xml,1,0.47559653718693545,0.5458476630891292,2,20
797,MathArticles/wpmath0000003/Thompson_sporadic_group/0.xml,1,0.9673280423280424,0.9673280423280424,11,20
798,MathArticles/wpmath0000016/Distribution_learning_theory/101.xml,0.8125,0.5258608895633352,0.5796306818181818,0,20
799,MathArticles/wpmath0000011/Favard_operator/1.xml,1,0.9032554425278884,1,1,20
800,MathArticles/wpmath0000013/Ronen's_golden_rule_for_cluster_radioactivity/7.xml,1,0.9217261904761904,1,0,20
801,MathArticles/wpmath0000008/Compact_convergence/6.xml,1,1,1,2,20
802,MathArticles/wpmath0000012/Zonal_spherical_function/69.xml,1,0.6213540638530183,0.7379338993677388,0,20
803,MathArticles/wpmath0000007/Affine_curvature/22.xml,1,0.5779074247919961,0.6620044280396258,1,20
804,MathArticles/wpmath0000002/Euler_characteristic/19.xml,1,0.6350107715991202,0.6781666996668697,4,20
805,MathArticles/wpmath0000006/Non-line-of-sight_propagation/8.xml,1,0.5936267548848128,0.7036814044022033,1,20
806,MathArticles/wpmath0000002/World_line/23.xml,1,0.7339384927197687,0.782915941286909,5,20
807,MathArticles/wpmath0000016/Polynomial_least_squares/65.xml,1,0.9699378654970761,1,1,20
808,MathArticles/wpmath0000003/Lyman_series/9.xml,0,0,0,0,0
809,MathArticles/wpmath0000012/Modes_of_convergence_(annotated_index)/12.xml,1,0.7177777777777777,0.7177777777777777,14,20
810,MathArticles/wpmath0000008/Expansive/16.xml,1,0.9116182174406483,1,1,20
811,MathArticles/wpmath0000005/Nondimensionalization/1.xml,1,0.5415668131059015,0.6687922581967555,5,20
812,MathArticles/wpmath0000008/Inner_measure/13.xml,0.5,0.4894781144781145,0.49772727272727274,2,20
813,MathArticles/wpmath0000005/Wallis_product/12.xml,1,0.5543908830981227,0.5966966273575747,4,20
814,MathArticles/wpmath0000005/One-_and_two-tailed_tests/2.xml,1,0.8142859516214779,0.9124999999999999,0,20
815,MathArticles/wpmath0000003/Onsager_reciprocal_relations/24.xml,1,0.6713748808527623,0.754781184707282,2,20
816,MathArticles/wpmath0000006/Yang–Mills_existence_and_mass_gap/3.xml,1,0.8557257464320112,0.9583333333333333,2,20
817,MathArticles/wpmath0000005/Confluent_hypergeometric_function/96.xml,1,0.7757403268214297,0.8899886125404993,5,20
818,MathArticles/wpmath0000012/Equivalent_impedance_transforms/16.xml,0.7424242424242424,0.5857330751076831,0.6727300275785475,1,20
819,MathArticles/wpmath0000015/Logarithmic_resistor_ladder/15.xml,1,0.9365347128505023,1,2,20
820,MathArticles/wpmath0000005/Method_of_undetermined_coefficients/27.xml,0,0,0,0,0
821,MathArticles/wpmath0000009/Scatter_matrix/4.xml,0,0,0,0,0
822,MathArticles/wpmath0000005/Bornological_space/62.xml,1,0.7586613039910923,0.9487411526794742,0,20
823,MathArticles/wpmath0000001/Propositional_calculus/475.xml,0.6847298534798534,0.5578633244433228,0.6030077384110913,5,20
824,MathArticles/wpmath0000010/Shilov_boundary/6.xml,1,0.5805652585778912,0.6542594386174466,1,20
825,MathArticles/wpmath0000001/Fibonacci_number/22.xml,1,0.5691677678294533,0.6603490639014751,1,20
826,MathArticles/wpmath0000008/Bayesian_linear_regression/9.xml,0,0,0,0,0
827,MathArticles/wpmath0000004/Combinatorial_number_system/11.xml,1,0.4680771546056714,0.5768835826297365,0,20
828,MathArticles/wpmath0000004/Clebsch–Gordan_coefficients/57.xml,0,0,0,0,0
829,MathArticles/wpmath0000002/List_of_relativistic_equations/23.xml,1,0.49149347208855504,0.5717551493575683,4,20
830,MathArticles/wpmath0000003/Support_(mathematics)/23.xml,0,0,0,0,0
831,MathArticles/wpmath0000002/Concrete_category/3.xml,1,0.6667202156077046,0.7578641495206426,2,20
832,MathArticles/wpmath0000003/Circle_of_a_sphere/7.xml,1,0.8561712441729453,1,1,20
833,MathArticles/wpmath0000005/Discrete_Laplace_operator/24.xml,1,0.8687020974891498,0.9739561279057077,0,20
834,MathArticles/wpmath0000004/Min-max_theorem/36.xml,1,0.5400004635504316,0.5767210178746867,3,20
835,MathArticles/wpmath0000010/Stein's_method/42.xml,1,0.5881677996052898,0.6558136309635283,1,20
836,MathArticles/wpmath0000012/State-transition_matrix/16.xml,1,0.7544042662711312,0.845926861252854,1,20
837,MathArticles/wpmath0000002/Quantum_fluctuation/2.xml,1,1,1,2,20
838,MathArticles/wpmath0000014/Rule_of_marteloio/7.xml,1,0.6195126488095238,0.6818452380952381,4,20
839,MathArticles/wpmath0000005/SKI_combinator_calculus/3.xml,1,0.8395933014354067,1,0,20
840,MathArticles/wpmath0000014/Quantum_state/36.xml,1,0.549121062814188,0.643595114625874,1,20
841,MathArticles/wpmath0000002/Snub_dodecahedron/1.xml,0,0,0,0,0
842,MathArticles/wpmath0000014/Expander_code/110.xml,1,0.5033113750941027,0.5920488053151345,2,20
843,MathArticles/wpmath0000002/Tensor_contraction/11.xml,1,0.5038293789255821,0.54488706356426,6,20
844,MathArticles/wpmath0000016/Wahlquist_fluid/6.xml,0.6986291486291486,0.5295289134679741,0.6476016824159405,0,20
845,MathArticles/wpmath0000013/Good_quantum_number/18.xml,1,0.576845692479431,0.6807685249878084,0,20
846,MathArticles/wpmath0000013/Table_of_costs_of_operations_in_elliptic_curves/0.xml,1,0.39584298552017805,0.5338539920224541,0,20
847,MathArticles/wpmath0000006/Relativistic_electromagnetism/2.xml,1,0.5988570007015045,0.6798933208870921,2,20
848,MathArticles/wpmath0000002/Malleability_(cryptography)/22.xml,1,0.8568738636491517,0.9544736842105264,4,20
849,MathArticles/wpmath0000001/Americium/8.xml,1,0.5877206524865906,0.652527081715165,1,20
850,MathArticles/wpmath0000013/Degrees_of_freedom_(physics_and_chemistry)/25.xml,0,0,0,0,0
851,MathArticles/wpmath0000006/Universal_Rule/0.xml,1,0.6388649179015018,0.7343344644158598,2,20
852,MathArticles/wpmath0000007/Heisenberg_model_(quantum)/11.xml,1,0.7705088698446256,0.8089948320413437,0,20
853,MathArticles/wpmath0000016/Principalization_(algebra)/68.xml,0,0,0,0,0
854,MathArticles/wpmath0000003/Lagrange's_four-square_theorem/94.xml,1,0.9972913794501662,1,1,20
855,MathArticles/wpmath0000004/Bisection_method/8.xml,1,0.5783145317177693,0.680720091857618,2,20
856,MathArticles/wpmath0000002/Complex_geometry/17.xml,1,0.6086041506651757,0.6763941911665363,2,20
857,MathArticles/wpmath0000008/Lie_coalgebra/4.xml,1,0.4069111283490159,0.4545531067372387,4,20
858,MathArticles/wpmath0000004/Ample_line_bundle/31.xml,1,0.6523762339236373,0.7062569549656658,2,20
859,MathArticles/wpmath0000009/Statistical_shape_analysis/1.xml,1,0.838158734144675,1,1,20
860,MathArticles/wpmath0000012/Yeoh_(hyperelastic_model)/12.xml,1,0.5592690281465935,0.6308950364151977,4,20
861,MathArticles/wpmath0000005/Electromagnetically_induced_transparency/6.xml,1,0.9938271604938271,1,2,20
862,MathArticles/wpmath0000001/Simplex/32.xml,1,0.5603928822704175,0.6550805705318362,2,20
863,MathArticles/wpmath0000014/Plancherel_measure/4.xml,1,0.7807022900959649,0.9196428571428572,3,20
864,MathArticles/wpmath0000004/Clausius–Mossotti_relation/1.xml,1,0.7961167084692127,0.985014619883041,0,20
865,MathArticles/wpmath0000015/Symmetry_protected_topological_order/10.xml,1,0.6830113864572568,0.8034833566051969,2,20
866,MathArticles/wpmath0000009/Blom's_scheme/7.xml,0,0,0,0,0
867,MathArticles/wpmath0000001/Dimension/14.xml,1,0.8710164835164835,0.9821428571428571,6,20
868,MathArticles/wpmath0000003/Hyperfine_structure/21.xml,0.6288472706155633,0.528135364979807,0.5886946901435187,2,20
869,MathArticles/wpmath0000009/Persymmetric_matrix/1.xml,1,0.4803884421280764,0.5826866688639984,3,20
870,MathArticles/wpmath0000007/Buck_converter/62.xml,0.9884920634920635,0.48781743611454187,0.5593019207081142,0,20
871,MathArticles/wpmath0000003/Linear_least_squares_(mathematics)/178.xml,1,0.6251851563579873,0.7404016253022879,1,20
872,MathArticles/wpmath0000015/Hamiltonian_constraint_of_LQG/80.xml,1,0.5210839868780655,0.623089098904982,2,20
873,MathArticles/wpmath0000002/Singular_value_decomposition/167.xml,1,0.722246830715148,0.97875,0,20
874,MathArticles/wpmath0000001/Numerical_aperture/24.xml,1,0.5764081088974978,0.6492641407624099,0,20
875,MathArticles/wpmath0000005/Extended_X-ray_absorption_fine_structure/4.xml,1,0.47948567681226173,0.5604184888478038,3,20
876,MathArticles/wpmath0000016/Quantum_refereed_game/7.xml,1,0.8323031485726622,0.9137030632411067,1,20
877,MathArticles/wpmath0000009/Tanaka's_formula/5.xml,1,0.6838145057914866,0.7754315065319101,5,20
878,MathArticles/wpmath0000008/Crosswordese/23.xml,1,0.5857383362977125,0.6706724137931034,3,20
879,MathArticles/wpmath0000010/Bachmann–Howard_ordinal/0.xml,1,0.6362407628497446,0.7282058283059428,2,20
880,MathArticles/wpmath0000009/Content_(measure_theory)/19.xml,1,0.9439876557910614,0.9828431372549019,1,20
881,MathArticles/wpmath0000004/Space_hierarchy_theorem/52.xml,1,0.9697809213059604,1,1,20
882,MathArticles/wpmath0000001/Equation_of_state/125.xml,0.34589106545628284,0.19325540840769004,0.20537208916142427,1,20
883,MathArticles/wpmath0000008/Strict_differentiability/6.xml,1,0.5877350944561922,0.6604348770242447,5,20
884,MathArticles/wpmath0000005/Green–Kubo_relations/20.xml,0,0,0,0,0
885,MathArticles/wpmath0000001/Waveplate/4.xml,0.5178571428571428,0.4514069264069264,0.4596320346320346,0,20
886,MathArticles/wpmath0000004/Periodic_points_of_complex_quadratic_mappings/83.xml,1,0.5291417327834342,0.612162058704942,1,20
887,MathArticles/wpmath0000012/Helly_metric/14.xml,1,0.9894991511035653,1,1,20
888,MathArticles/wpmath0000012/Mathematical_principles_of_reinforcement/31.xml,1,0.7371830282025738,0.9184129859673338,1,20
889,MathArticles/wpmath0000012/Hill_yield_criterion/64.xml,0,0,0,0,0
890,MathArticles/wpmath0000001/Maxwell-Boltzmann_distribution/17.xml,0,0,0,0,0
891,MathArticles/wpmath0000004/Wave_vector/33.xml,0.3293022057307772,0.3282506184291899,0.3293022057307772,2,20
892,MathArticles/wpmath0000002/Mathematical_fallacy/25.xml,1,0.5241743023877345,0.5914949453581887,1,20
893,MathArticles/wpmath0000013/Forms_of_energy/30.xml,1,0.6729226086027638,0.8399685319121939,0,20
894,MathArticles/wpmath0000010/Portal_Chemistry__Useful_equations_and_links/16.xml,0,0,0,0,0
895,MathArticles/wpmath0000003/Directional_derivative/15.xml,1,0.7119873690559455,0.8032119243571059,0,20
896,MathArticles/wpmath0000004/Landau_damping/7.xml,1,0.5159426100942871,0.6028896333835242,1,20
897,MathArticles/wpmath0000004/Intersection_homology/9.xml,1,0.5216186381318023,0.5854190354396196,3,20
898,MathArticles/wpmath0000016/Monte_Carlo_tree_search/27.xml,1,0.8672058823529412,0.9533333333333334,0,20
899,MathArticles/wpmath0000015/List_of_equations_in_gravitation/9.xml,1,0.8319123129049599,0.9395324074074074,6,20
900,MathArticles/wpmath0000014/Singular_submodule/5.xml,0,0,0,0,0
901,MathArticles/wpmath0000004/Cauchy_product/83.xml,1,0.8814750188177561,1,1,20
902,MathArticles/wpmath0000016/Slice_theorem_(differential_geometry)/0.xml,1,0.5706892251525204,0.5842292361031466,9,20
903,MathArticles/wpmath0000015/Quantized_state_systems_method/23.xml,1,0.6134770543425347,0.7098042545253435,0,20
904,MathArticles/wpmath0000002/Multilinear_map/19.xml,1,0.5783824129533265,0.643039631205105,0,20
905,MathArticles/wpmath0000008/Compact_closed_category/24.xml,1,0.5200156510897793,0.6765390872181863,0,20
906,MathArticles/wpmath0000016/Lieb-Robinson_bounds/34.xml,1,0.5853967301342419,0.6909162776397758,1,20
907,MathArticles/wpmath0000003/Projective_linear_group/10.xml,1,0.5653597294284318,0.63931192863986,0,20
908,MathArticles/wpmath0000014/Depth_of_noncommutative_subrings/15.xml,1,0.5797403404782904,0.6789066925499608,2,20
909,MathArticles/wpmath0000007/Cauchy_condensation_test/28.xml,1,0.7847267003729331,0.8813587886170433,2,20
910,MathArticles/wpmath0000004/Barycentric_coordinate_system/106.xml,1,0.6988221338304603,0.8034776445185853,3,20
911,MathArticles/wpmath0000014/Twisted_Poincaré_duality/3.xml,1,0.5981999057112115,0.6996292492068191,2,20
912,MathArticles/wpmath0000004/F-statistics/0.xml,1,0.45751727313374624,0.5613949027494447,1,20
913,MathArticles/wpmath0000002/Heat_equation/66.xml,1,0.6857359770096896,0.786372218399487,1,20
914,MathArticles/wpmath0000009/Niven's_constant/3.xml,1,0.7536964133990345,0.8369845653838166,0,20
915,MathArticles/wpmath0000007/Moment_map/14.xml,1,0.9513741393394796,1,1,20
916,MathArticles/wpmath0000016/Draft_Knockoff_filter/6.xml,0,0,0,0,0
917,MathArticles/wpmath0000007/Kadomtsev–Petviashvili_equation/1.xml,1,0.8841541353383459,0.98625,1,20
918,MathArticles/wpmath0000013/Natural_logarithm_of_2/14.xml,0,0,0,0,0
919,MathArticles/wpmath0000009/Borel_right_process/44.xml,1,0.5565419510364109,0.6479434474670036,1,20
920,MathArticles/wpmath0000002/Differential_form/11.xml,1,0.7902777777777777,0.7902777777777777,10,20
921,MathArticles/wpmath0000004/Edgeworth_series/47.xml,1,0.414388688115528,0.4799957838019998,3,20
922,MathArticles/wpmath0000014/Real_hyperelliptic_curve/154.xml,1,0.9422389267350507,1,2,20
923,MathArticles/wpmath0000001/List_of_equations_in_classical_mechanics/9.xml,1,0.5570895564550677,0.650440672019041,2,20
924,MathArticles/wpmath0000002/Jensen's_inequality/70.xml,0.9239538239538239,0.5472391709713484,0.6080312321442891,2,20
925,MathArticles/wpmath0000005/Egorov's_theorem/0.xml,1,0.5473456621705053,0.6371415716893096,1,20
926,MathArticles/wpmath0000007/Method_of_image_charges/19.xml,1,0.7107732412980223,0.8484246364643642,2,20
927,MathArticles/wpmath0000001/Reflectance/5.xml,0,0,0,0,0
928,MathArticles/wpmath0000005/Nuclear_magnetic_moment/8.xml,1,0.7459258668962616,0.854377990430622,2,20
929,MathArticles/wpmath0000001/Imaginary_unit/56.xml,1,0.5687031731149378,0.7066941391941391,3,20
930,MathArticles/wpmath0000009/Gauss–Codazzi_equations/14.xml,0,0,0,0,0
931,MathArticles/wpmath0000007/Zubov's_method/14.xml,1,0.6199784025314256,0.7307361281026954,3,20
932,MathArticles/wpmath0000015/Ricci_calculus/49.xml,0,0,0,0,0
933,MathArticles/wpmath0000012/Average_order_of_an_arithmetic_function/98.xml,1,0.5187527926871207,0.5988071006518038,0,20
934,MathArticles/wpmath0000013/Efficiency_(statistics)/2.xml,1,0.8895213656823564,1,1,20
935,MathArticles/wpmath0000002/Gaussian_function/32.xml,1,0.6558688627213927,0.753687319052261,1,20
936,MathArticles/wpmath0000007/Delay_differential_equation/5.xml,0.586764705882353,0.586764705882353,0.586764705882353,4,20
937,MathArticles/wpmath0000016/Rendezvous_hashing/4.xml,1,0.9280477980665951,1,5,20
938,MathArticles/wpmath0000007/Info-gap_decision_theory/183.xml,0.6601190476190477,0.4133376040958405,0.47467572147804704,0,20
939,MathArticles/wpmath0000006/Eigenvalues_and_eigenvectors/175.xml,0.5,0.43901825084100626,0.453125,1,20
940,MathArticles/wpmath0000013/Schur_algebra/10.xml,1,0.9943830163644405,1,3,20
941,MathArticles/wpmath0000014/Stochastic_measurement_procedure/16.xml,1,0.9651725888324874,1,0,20
942,MathArticles/wpmath0000007/Difference_in_differences/19.xml,1,0.9198197954333447,1,0,20
943,MathArticles/wpmath0000010/Triangulation_(computer_vision)/37.xml,1,0.6335054831176382,0.7376470588235294,0,20
944,MathArticles/wpmath0000009/Richard_J._Lipton/8.xml,1,0.8178799387622917,0.98875,3,20
945,MathArticles/wpmath0000001/Protactinium/11.xml,1,0.8849509483427238,1,3,20
946,MathArticles/wpmath0000007/Latent_Dirichlet_allocation/44.xml,0,0,0,0,0
947,MathArticles/wpmath0000004/Master_equation/24.xml,1,0.7289848691811278,0.8408747603295734,0,20
948,MathArticles/wpmath0000005/Thermal_de_Broglie_wavelength/2.xml,0.8612595038015206,0.4714024623703634,0.5183227308870069,1,20
949,MathArticles/wpmath0000015/Drift_plus_penalty/75.xml,0.5929634696190987,0.44278743481852784,0.515151698622308,3,20
950,MathArticles/wpmath0000016/Eigenstate_thermalization_hypothesis/36.xml,1,0.5938319436360906,0.6822183161099084,0,20
951,MathArticles/wpmath0000009/10-Formyltetrahydrofolate/1.xml,1,1,1,0,20
952,MathArticles/wpmath0000009/Positive_current/7.xml,1,0.932402896642528,0.9554285714285714,6,20
953,MathArticles/wpmath0000005/Pell_number/2.xml,1,0.6692658310394947,0.750278338427544,1,20
954,MathArticles/wpmath0000009/Polynomial_greatest_common_divisor/1.xml,1,0.8233129068655385,0.9845152295152295,1,20
955,MathArticles/wpmath0000013/FEE_method/67.xml,1,0.4662540396593444,0.5297818885977998,6,20
956,MathArticles/wpmath0000006/Tensor_product_of_modules/69.xml,1,0.5949546084978693,0.6616760389452209,0,20
957,MathArticles/wpmath0000002/Conjunctive_normal_form/245.xml,0,0,0,0,0
958,MathArticles/wpmath0000003/Interaction_(statistics)/0.xml,1,0.6546253921742896,0.7893304680335562,0,20
959,MathArticles/wpmath0000008/Base_flow_(random_dynamical_systems)/14.xml,1,1,1,0,20
960,MathArticles/wpmath0000001/Factorial/79.xml,0.859375,0.6645470248550912,0.7572653640426108,3,20
961,MathArticles/wpmath0000012/Pettis_integral/20.xml,1,1,1,4,20
962,MathArticles/wpmath0000013/N-curve/57.xml,1,0.5551771009776593,0.5551771009776593,12,20
963,MathArticles/wpmath0000016/Homotopy_colimit/7.xml,1,0.48118239822052095,0.5972998694279686,1,20
964,MathArticles/wpmath0000009/Publicly_Verifiable_Secret_Sharing/26.xml,1,0.6541647919271205,0.8093277185819722,0,20
965,MathArticles/wpmath0000007/Cyclic_code/12.xml,1,0.5416652875011085,0.6329113163784587,3,20
966,MathArticles/wpmath0000007/Elliptic_cylindrical_coordinates/18.xml,1,0.5744369452562988,0.7492003603949416,0,20
967,MathArticles/wpmath0000012/Lambert's_problem/23.xml,1,0.7375624759707805,0.832843137254902,3,20
968,MathArticles/wpmath0000014/Picard–Lefschetz_theory/1.xml,0,0,0,0,0
969,MathArticles/wpmath0000002/Jensen's_inequality/101.xml,1,0.42435850791824364,0.5704157962030715,2,20
970,MathArticles/wpmath0000002/Free_fall/1.xml,1,0.7375874238312594,0.8449547992091588,0,20
971,MathArticles/wpmath0000003/Dirichlet_eta_function/7.xml,1,0.47136233226839847,0.5857715071055206,0,20
972,MathArticles/wpmath0000003/Functional_equation/5.xml,0.34005651614347265,0.2519346810392011,0.2737146213527347,3,20
973,MathArticles/wpmath0000016/Network_robustness/4.xml,1,0.6828111666417823,0.7632706766917293,0,20
974,MathArticles/wpmath0000009/331_model/5.xml,1,0.7602650308720571,0.8297677562847081,1,20
975,MathArticles/wpmath0000001/IEEE_754-1985/11.xml,1,0.8641666666666667,0.8641666666666667,10,20
976,MathArticles/wpmath0000015/Coons_patch/0.xml,1,0.6238300049804648,0.7206867505346967,2,20
977,MathArticles/wpmath0000014/Diamond_coconut_model/20.xml,1,0.8383718427851634,0.975,2,20
978,MathArticles/wpmath0000015/Uniformly_bounded_representation/37.xml,0,0,0,0,0
979,MathArticles/wpmath0000013/Lebesgue_integration/48.xml,1,0.8102272727272727,0.8645833333333334,3,20
980,MathArticles/wpmath0000008/Geodesics_as_Hamiltonian_flows/12.xml,1,0.5444426701169176,0.6078626317522239,3,20
981,MathArticles/wpmath0000008/Alternatives_to_general_relativity/112.xml,1,0.5804344659432098,0.659455300027839,1,20
982,MathArticles/wpmath0000008/Automatically_Tuned_Linear_Algebra_Software/0.xml,1,0.7923504911949242,0.8845238095238095,0,20
983,MathArticles/wpmath0000016/Plethystic_substitution/30.xml,1,0.6100079830312192,0.6910505282320066,3,20
984,MathArticles/wpmath0000008/Graeffe's_method/7.xml,1,0.6661131179026495,0.8059843595992593,0,20
985,MathArticles/wpmath0000015/Acoustoelastic_effect/194.xml,1,0.9698109567901234,1,2,20
986,MathArticles/wpmath0000006/Lambda_lifting/193.xml,0,0,0,0,0
987,MathArticles/wpmath0000014/Ptolemy's_table_of_chords/4.xml,0,0,0,0,0
988,MathArticles/wpmath0000013/Arcsine_laws_(Wiener_process)/7.xml,1,0.5680854752364248,0.6905521919178987,1,20
989,MathArticles/wpmath0000004/Representation_theory_of_Hopf_algebras/7.xml,0,0,0,0,0
990,MathArticles/wpmath0000014/Vector_optimization/11.xml,1,0.6289443822839674,0.7043836354749667,2,20
991,MathArticles/wpmath0000005/Restriction_(mathematics)/36.xml,1,0.6521865794857049,0.7203309388114434,4,20
992,MathArticles/wpmath0000008/Second-order_cone_programming/3.xml,1,0.46219396381736394,0.5457003076357156,1,20
993,MathArticles/wpmath0000016/3D_sound_localization/24.xml,0,0,0,0,0
994,MathArticles/wpmath0000012/Matrix_(mathematics)/31.xml,1,0.546884847777487,0.6622108414127967,2,20
995,MathArticles/wpmath0000003/Hausdorff_distance/0.xml,0,0,0,0,0
996,MathArticles/wpmath0000002/Flipped_SU(5)/15.xml,1,1,1,17,20
997,MathArticles/wpmath0000006/Change_of_variables/86.xml,1,0.6958485400690629,0.7708289565826331,1,20
998,MathArticles/wpmath0000007/'t_Hooft_symbol/3.xml,0,0,0,0,0
999,MathArticles/wpmath0000013/Matérn_covariance_function/7.xml,1,0.5356671170210953,0.594535495886547,1,20
1000,MathArticles/wpmath0000014/Demazure_module/0.xml,1,0.5202256928216652,0.5957987893282615,1,20
