File,Max Score,Avg Score,Number of Files not Found
MathArticles/wpmath0000007/'t_Hooft_symbol/3.xml,1,0.6279747645630985,0
MathArticles/wpmath0000009/10-Formyltetrahydrofolate/1.xml,1,1,1
MathArticles/wpmath0000006/2-category/25.xml,1,0.7087233521195786,0
MathArticles/wpmath0000009/331_model/5.xml,1,0.8107310526753037,1
MathArticles/wpmath0000016/3D_sound_localization/24.xml,1,0.4638341223146313,1
MathArticles/wpmath0000007/Abraham–Lorentz_force/10.xml,1,0.5856645658538915,1
MathArticles/wpmath0000008/Absolute_presentation_of_a_group/22.xml,1,0.797707477592535,1
MathArticles/wpmath0000001/Absolute_value/138.xml,1,0.6990877606958489,0
MathArticles/wpmath0000011/Abstract_family_of_acceptors/77.xml,1,0.748472079552588,0
MathArticles/wpmath0000001/Accuracy_and_precision/0.xml,1,0.5948142076750528,0
MathArticles/wpmath0000001/Acoustic_theory/61.xml,1,0.46671683491816945,1
MathArticles/wpmath0000001/Acoustic_theory/88.xml,1,0.6415945572109074,2
MathArticles/wpmath0000015/Acoustoelastic_effect/194.xml,1,0.9888888888888889,0
MathArticles/wpmath0000016/Additive_State_Decomposition/6.xml,1,0.7415443288401674,0
MathArticles/wpmath0000014/Adequality/32.xml,1,1,4
MathArticles/wpmath0000004/Adiabatic_theorem/10.xml,1,0.943030303030303,0
MathArticles/wpmath0000004/Adiabatic_theorem/40.xml,1,1,8
MathArticles/wpmath0000009/Admissible_heuristic/14.xml,1,1,0
MathArticles/wpmath0000002/Adsorption/14.xml,1,0.7107206184734054,0
MathArticles/wpmath0000007/Affine_curvature/22.xml,1,0.6073976768681707,0
MathArticles/wpmath0000015/Affine_term_structure_model/13.xml,1,0.6235700408261358,2
MathArticles/wpmath0000001/Affine_transformation/57.xml,1,0.683822545784914,0
MathArticles/wpmath0000013/Alan_M._Frieze/14.xml,1,0.6928563706206603,2
MathArticles/wpmath0000002/Algebraic_integer/17.xml,1,1,0
MathArticles/wpmath0000008/Algebraically_closed_group/87.xml,1,0.9583333333333334,1
MathArticles/wpmath0000002/Allele_frequency/1.xml,1,0.890962962962963,0
MathArticles/wpmath0000003/Almost_periodic_function/27.xml,1,0.6073850798426866,2
MathArticles/wpmath0000007/Alternating_permutation/27.xml,1,0.7021791430624578,1
MathArticles/wpmath0000008/Alternatives_to_general_relativity/112.xml,1,0.637932206891528,1
MathArticles/wpmath0000001/Americium/8.xml,1,0.6966190520828986,0
MathArticles/wpmath0000004/Ample_line_bundle/31.xml,1,0.6807817224519018,0
MathArticles/wpmath0000004/Analytic_combinatorics/13.xml,1,0.6495052420922997,2
MathArticles/wpmath0000002/Angular_frequency/0.xml,1,1,0
MathArticles/wpmath0000001/Angular_momentum/163.xml,1,0.7605573493131781,0
MathArticles/wpmath0000001/Angular_velocity/3.xml,1,0.6768288188423585,0
MathArticles/wpmath0000016/Approximation-preserving_reduction/38.xml,1,0.6614922101516304,0
MathArticles/wpmath0000003/Apriori_algorithm/10.xml,1,0.5950201292594427,3
MathArticles/wpmath0000013/Arbitrarily_varying_channel/111.xml,1,0.8979166666666667,0
MathArticles/wpmath0000013/Arbitrarily_varying_channel/160.xml,1,1,0
MathArticles/wpmath0000013/Arcsine_laws_(Wiener_process)/7.xml,1,0.7113361237694682,0
MathArticles/wpmath0000011/Argument_(complex_analysis)/14.xml,1,0.834277141563147,2
MathArticles/wpmath0000004/Asymptotic_analysis/9.xml,1,0.8037072441400153,0
MathArticles/wpmath0000008/Automatically_Tuned_Linear_Algebra_Software/0.xml,1,0.6951066008781672,0
MathArticles/wpmath0000002/Autonomous_system_(mathematics)/28.xml,1,0.613916013008541,1
MathArticles/wpmath0000012/Average_order_of_an_arithmetic_function/98.xml,1,0.649070295299104,0
MathArticles/wpmath0000010/Bachmann–Howard_ordinal/0.xml,0.6914540816326531,0.6396901488940706,1
MathArticles/wpmath0000015/Background_subtraction/20.xml,1,0.6025242055038537,0
MathArticles/wpmath0000014/Backpressure_routing/49.xml,1,0.9250406504065041,0
MathArticles/wpmath0000007/Balian–Low_theorem/0.xml,0.6330659075224292,0.541717424444254,2
MathArticles/wpmath0000007/Ballistic_conduction/19.xml,1,0.9502777777777778,0
MathArticles/wpmath0000004/Barycentric_coordinate_system/106.xml,1,0.7243187034700886,0
MathArticles/wpmath0000008/Base_flow_(random_dynamical_systems)/14.xml,1,1,1
MathArticles/wpmath0000004/Basic_Linear_Algebra_Subprograms/2.xml,1,0.8215743330464716,0
MathArticles/wpmath0000004/Batalin–Vilkovisky_formalism/40.xml,0.47150589748415833,0.45996557471465377,5
MathArticles/wpmath0000006/Bauer–Fike_theorem/4.xml,1,0.7761621819187609,4
MathArticles/wpmath0000008/Bayesian_linear_regression/9.xml,1,0.6856373123347116,1
MathArticles/wpmath0000008/Bending_moment/17.xml,1,0.5968951024674851,1
MathArticles/wpmath0000008/Bending_moment/38.xml,1,0.6742462868888958,0
MathArticles/wpmath0000008/Berlekamp's_algorithm/25.xml,1,0.5069517195214767,0
MathArticles/wpmath0000014/Berlekamp–Welch_algorithm/158.xml,0.6751021924934969,0.6229578335283765,1
MathArticles/wpmath0000001/Bernoulli_number/40.xml,1,1,0
MathArticles/wpmath0000001/Bernoulli_number/86.xml,1,0.5542599984640322,0
MathArticles/wpmath0000008/Betti's_theorem/19.xml,1,0.7288350579693066,0
MathArticles/wpmath0000006/Bicoherence/10.xml,1,0.5043226974494591,1
MathArticles/wpmath0000016/Biconvex_optimization/15.xml,1,1,0
MathArticles/wpmath0000006/Bifurcation_theory/3.xml,1,0.7080173655234038,2
MathArticles/wpmath0000001/Big_O_notation/17.xml,0.5774936632783716,0.5090493067400209,2
MathArticles/wpmath0000001/Binomial_coefficient/171.xml,1,0.6465924855808829,1
MathArticles/wpmath0000004/Bisection_method/8.xml,1,0.685621748815828,0
MathArticles/wpmath0000007/Bispherical_coordinates/4.xml,1,0.9235952107593899,0
MathArticles/wpmath0000004/Black-body_radiation/4.xml,1,0.6067936795670117,0
MathArticles/wpmath0000004/Black-body_radiation/67.xml,1,0.8045996860282575,0
MathArticles/wpmath0000009/Blom's_scheme/7.xml,1,0.4308063579354587,1
MathArticles/wpmath0000002/Bode_plot/32.xml,1,0.9636450216450216,0
MathArticles/wpmath0000002/Bohr_radius/10.xml,1,0.6611497510430697,1
MathArticles/wpmath0000001/Borel-Cantelli_lemma/45.xml,0.5073809523809524,0.45740517442521417,1
MathArticles/wpmath0000009/Borel_right_process/44.xml,0.2866632160110421,0.2204328108054816,3
MathArticles/wpmath0000001/Borel–Cantelli_lemma/21.xml,0.85,0.6405318263477814,1
MathArticles/wpmath0000003/Borel–Kolmogorov_paradox/3.xml,1,0.7521830377090694,3
MathArticles/wpmath0000005/Bornological_space/62.xml,1,1,0
MathArticles/wpmath0000001/Born–Oppenheimer_approximation/86.xml,0,0,10
MathArticles/wpmath0000013/Bose–Mesner_algebra/65.xml,1,1,5
MathArticles/wpmath0000014/Bounded_type_(mathematics)/28.xml,1,0.9344135802469136,1
MathArticles/wpmath0000009/Boyle_temperature/2.xml,1,0.558217890633967,1
MathArticles/wpmath0000001/Bra–ket_notation/45.xml,0,0,10
MathArticles/wpmath0000006/Brier_score/17.xml,1,0.5923586480631248,1
MathArticles/wpmath0000016/Briggs–Bers_criterion/34.xml,1,1,0
MathArticles/wpmath0000007/Buck_converter/62.xml,0.9884920634920635,0.5588880282423966,0
MathArticles/wpmath0000007/Buzen's_algorithm/7.xml,1,0.5939649068188497,0
MathArticles/wpmath0000006/C++_Technical_Report_1/16.xml,1,0.7391473447068023,0
MathArticles/wpmath0000015/CDP-L-myo-inositol_myo-inositolphosphotransferase/0.xml,0.2833333333333333,0.25699462447302196,0
MathArticles/wpmath0000008/CLEO_(particle_detector)/15.xml,0.2916666666666667,0.2281834048610451,1
MathArticles/wpmath0000004/Canonical_quantization/14.xml,0.7295238095238096,0.4943470615841044,1
MathArticles/wpmath0000005/Canonical_ring/6.xml,0.4172464067594251,0.38964305639346375,0
MathArticles/wpmath0000003/Canonical_transformation/88.xml,0.42020975056689347,0.384521039308824,1
MathArticles/wpmath0000013/Capacitated_minimum_spanning_tree/29.xml,0.6055172413793104,0.467125397037008,0
MathArticles/wpmath0000007/Carathéodory–Jacobi–Lie_theorem/4.xml,0.6173611111111111,0.5424864389470745,0
MathArticles/wpmath0000008/Carnot_cycle/2.xml,0.5063672438672437,0.4621265721071922,1
MathArticles/wpmath0000007/Carry-save_adder/0.xml,0.49006410256410254,0.43839162950575994,0
MathArticles/wpmath0000004/Cartan_decomposition/23.xml,0.5977777777777777,0.5977777777777777,0
MathArticles/wpmath0000016/Cartan_pair/4.xml,0.5735849056603773,0.5231760538067238,0
MathArticles/wpmath0000014/Cartesian_monoid/5.xml,0.4083333333333334,0.3892059205724993,0
MathArticles/wpmath0000009/Catalycity/2.xml,0.5837472527472528,0.5118552689377855,0
MathArticles/wpmath0000008/Category_Spiric_sections/0.xml,0.4565966476680763,0.404182959782435,0
MathArticles/wpmath0000001/Catenary/62.xml,0.2866670910788558,0.2866670910788558,0
MathArticles/wpmath0000007/Cauchy_condensation_test/28.xml,0.6239583333333334,0.5016366535706622,0
MathArticles/wpmath0000004/Cauchy_product/83.xml,0.3942307692307692,0.3942307692307692,1
MathArticles/wpmath0000007/Cauchy_stress_tensor/214.xml,0.4389956266455517,0.39366421609234864,6
MathArticles/wpmath0000006/Cellular_homology/51.xml,0.35304232804232805,0.33544973544973544,2
MathArticles/wpmath0000001/Centimetre–gram–second_system_of_units/20.xml,0.5526315789473684,0.4886856536391993,0
MathArticles/wpmath0000006/Change_of_variables/86.xml,0.522849025974026,0.4672798800128237,0
MathArticles/wpmath0000009/Channel-state_duality/3.xml,0.5836274509803921,0.4987552004512959,1
MathArticles/wpmath0000013/Chaotic_mixing/39.xml,0.5600902850902851,0.4483047745479208,0
MathArticles/wpmath0000002/Chebyshev_polynomials/32.xml,0.5820613042766786,0.5052846224297914,3
MathArticles/wpmath0000002/Chern_class/8.xml,0.498587078344541,0.4085837689713503,1
MathArticles/wpmath0000003/Chern–Simons_theory/12.xml,0.3422229189892233,0.23500220345598058,0
MathArticles/wpmath0000006/Chevalley_scheme/10.xml,0.834375,0.6076533869395712,0
MathArticles/wpmath0000013/Cipolla's_algorithm/23.xml,0.6557926829268292,0.4974125822488417,0
MathArticles/wpmath0000013/Cipolla's_algorithm/72.xml,0.45938852813852815,0.3101154401154401,0
MathArticles/wpmath0000006/Circle_bundle/5.xml,0.33614864864864863,0.3236088011088011,1
MathArticles/wpmath0000003/Circle_of_a_sphere/5.xml,0.41027206873315364,0.313752174724613,0
MathArticles/wpmath0000003/Circle_of_a_sphere/7.xml,0.4553140096618358,0.3823728339706977,1
MathArticles/wpmath0000014/Class_kappa_function/3.xml,0.5891414141414142,0.5404746434328479,0
MathArticles/wpmath0000014/Classical_Cepheid_variable/6.xml,0.38508920505871724,0.38367197149862653,3
MathArticles/wpmath0000014/Classical_central-force_problem/6.xml,0.4213636845171884,0.3654544593463375,0
MathArticles/wpmath0000007/Clausius_theorem/14.xml,0.5992857142857142,0.5578333552531242,1
MathArticles/wpmath0000004/Clausius–Mossotti_relation/1.xml,0.41183574879227053,0.35486128628132063,2
MathArticles/wpmath0000004/Clebsch–Gordan_coefficients/57.xml,0.2470240728215138,0.24638459632914045,2
MathArticles/wpmath0000008/Clenshaw–Curtis_quadrature/17.xml,0.3271428571428571,0.3271428571428571,1
MathArticles/wpmath0000015/Cluster-expansion_approach/1.xml,1,0.6300935828877006,0
MathArticles/wpmath0000009/Clutter_(radar)/18.xml,1,0.7969603835661576,0
MathArticles/wpmath0000013/Cnoidal_wave/60.xml,1,0.7335646409322343,0
MathArticles/wpmath0000004/Coefficient_of_variation/29.xml,1,0.7318618969937294,0
MathArticles/wpmath0000002/Collision_detection/51.xml,1,0.9701851851851852,0
MathArticles/wpmath0000002/Column_space/6.xml,1,0.6175758792421794,1
MathArticles/wpmath0000004/Combinatorial_number_system/11.xml,1,0.7505764523057324,0
MathArticles/wpmath0000004/Combinatorial_number_system/8.xml,1,0.676305442072732,0
MathArticles/wpmath0000004/Comma_category/154.xml,1,0.7054175685425685,0
MathArticles/wpmath0000003/Common_collector/24.xml,1,0.7319451310189132,0
MathArticles/wpmath0000001/Communication_complexity/4.xml,1,0.8270629765727805,1
MathArticles/wpmath0000012/Commutation_theorem/20.xml,1,0.8090261067004274,4
MathArticles/wpmath0000002/Commutative_property/11.xml,1,0.8724188034188034,0
MathArticles/wpmath0000008/Compact_closed_category/24.xml,1,0.6235223026431475,0
MathArticles/wpmath0000008/Compact_convergence/6.xml,1,0.9680555555555556,0
MathArticles/wpmath0000001/Compass-and-straightedge_construction/5.xml,1,0.7437675548182233,0
MathArticles/wpmath0000013/Compatibility_(mechanics)/14.xml,1,0.9550263157894737,0
MathArticles/wpmath0000002/Complex_geometry/17.xml,1,0.6846281150401429,0
MathArticles/wpmath0000001/Complex_number/56.xml,1,0.9263700738916256,0
MathArticles/wpmath0000004/Complex_projective_space/3.xml,1,0.3871304109012471,1
MathArticles/wpmath0000004/Compound_Poisson_distribution/1.xml,1,0.9491554665288188,1
MathArticles/wpmath0000014/Computer_for_operations_with_functions/66.xml,1,0.8304392446633826,0
MathArticles/wpmath0000002/Concrete_category/3.xml,1,0.7054802626039736,0
MathArticles/wpmath0000005/Confluent_hypergeometric_function/96.xml,1,0.8715029724587817,1
MathArticles/wpmath0000004/Conformal_symmetry/0.xml,1,0.6173749856536692,0
MathArticles/wpmath0000015/Conformastatic_spacetimes/2.xml,1,0.7542646750694696,0
MathArticles/wpmath0000013/Congestion_game/76.xml,1,0.599383857637754,0
MathArticles/wpmath0000004/Conical_surface/13.xml,1,0.7152512422091243,0
MathArticles/wpmath0000002/Conjunctive_normal_form/245.xml,1,1,0
MathArticles/wpmath0000002/Conjunctive_normal_form/247.xml,1,0.9508793103448275,0
MathArticles/wpmath0000002/Conjunctive_normal_form/84.xml,1,0.7556970522567538,0
MathArticles/wpmath0000015/Connective_constant/51.xml,1,0.6409262125693415,1
MathArticles/wpmath0000013/Connes_embedding_problem/5.xml,1,0.6031960054065093,0
MathArticles/wpmath0000011/Constellation_model/53.xml,1,0.49024565715658835,0
MathArticles/wpmath0000004/Constitutive_equation/44.xml,1,0.8040175847038951,0
MathArticles/wpmath0000003/Constructible_universe/0.xml,1,0.5800690116800431,2
MathArticles/wpmath0000009/Contact_mechanics/29.xml,1,0.5649787697675458,1
MathArticles/wpmath0000009/Content_(measure_theory)/19.xml,1,0.9825708061002179,1
MathArticles/wpmath0000003/Continuous_linear_extension/35.xml,1,0.7063430423249447,0
MathArticles/wpmath0000001/Continuum_mechanics/152.xml,1,0.9698275862068966,0
MathArticles/wpmath0000001/Continuum_mechanics/82.xml,1,0.6118279407956634,0
MathArticles/wpmath0000005/Convex_optimization/31.xml,1,0.9261189498321851,2
MathArticles/wpmath0000007/Cook's_distance/0.xml,1,0.5516381996441209,1
MathArticles/wpmath0000007/Cook's_distance/10.xml,1,0.8060883303938859,0
MathArticles/wpmath0000015/Coons_patch/0.xml,1,0.6610699082537398,1
MathArticles/wpmath0000004/Cooperative_game/149.xml,1,1,0
MathArticles/wpmath0000014/Coorbit_theory/5.xml,1,0.6061368461861233,2
MathArticles/wpmath0000014/Coppersmith's_Attack/31.xml,1,0.48942307692307696,0
MathArticles/wpmath0000005/Correlation_function_(statistical_mechanics)/10.xml,1,1,0
MathArticles/wpmath0000005/Correlation_function_(statistical_mechanics)/22.xml,1,0.7094708994877564,1
MathArticles/wpmath0000012/Cotangent_complex/17.xml,1,0.6217542277985522,0
MathArticles/wpmath0000012/Coulomb_wave_function/17.xml,1,0.5223018691331884,0
MathArticles/wpmath0000005/Countable_chain_condition/0.xml,1,0.5919771398429935,1
MathArticles/wpmath0000002/Counting_measure/6.xml,1,1,4
MathArticles/wpmath0000008/Courant_bracket/15.xml,1,0.5491830830540814,1
MathArticles/wpmath0000005/Cournot_competition/56.xml,1,0.6781987137668325,0
MathArticles/wpmath0000003/Covariant_derivative/40.xml,1,0.5548862191232011,0
MathArticles/wpmath0000003/Cramér–Rao_bound/54.xml,1,0.9577380952380952,6
MathArticles/wpmath0000003/Cramér–Rao_bound/58.xml,0.5157142857142857,0.46119047619047615,8
MathArticles/wpmath0000008/Cross-entropy_method/7.xml,1,0.6302911338802611,1
MathArticles/wpmath0000008/Crossed_ladders_problem/28.xml,1,0.7896912661655042,0
MathArticles/wpmath0000008/Crosswordese/23.xml,1,0.9673333333333334,0
MathArticles/wpmath0000001/Curvature/11.xml,1,1,0
MathArticles/wpmath0000004/Curvilinear_coordinates/40.xml,1,0.7270827188111915,0
MathArticles/wpmath0000004/Curvilinear_coordinates/8.xml,1,0.5111939469792501,0
MathArticles/wpmath0000007/Cyclic_code/12.xml,1,0.574796783595146,1
MathArticles/wpmath0000007/Cyclic_code/25.xml,1,0.9606481481481481,1
MathArticles/wpmath0000001/Cyclic_redundancy_check/2.xml,1,0.8109235750437229,1
MathArticles/wpmath0000009/Céa's_lemma/142.xml,0.5866783679283679,0.5532143974440948,6
MathArticles/wpmath0000007/D'Alembert's_formula/24.xml,1,0.6087185157443201,0
MathArticles/wpmath0000014/Dagum_distribution/9.xml,1,0.5804558412339808,3
MathArticles/wpmath0000007/Damerau–Levenshtein_distance/13.xml,1,0.890887886763901,2
MathArticles/wpmath0000016/Datafly_algorithm/13.xml,1,1,0
MathArticles/wpmath0000015/Davenport_constant/5.xml,1,0.6413435442768269,0
MathArticles/wpmath0000014/De_Donder–Weyl_theory/0.xml,0.5081845238095238,0.42044791949947086,1
MathArticles/wpmath0000008/De_Gua's_theorem/3.xml,0.507051282051282,0.40690145262613653,2
MathArticles/wpmath0000003/De_Sitter_universe/7.xml,0.7525862068965516,0.6995889208173691,1
MathArticles/wpmath0000012/Decoherence-free_subspaces/60.xml,0.30051942186088526,0.30051942186088526,0
MathArticles/wpmath0000004/Decomposition_of_spectrum_(functional_analysis)/29.xml,0.5391534391534392,0.4211695822806934,1
MathArticles/wpmath0000012/Deformation_(mechanics)/26.xml,0.6714285714285715,0.5405008460057352,0
MathArticles/wpmath0000003/Degenerate_conic/15.xml,0.4581168831168831,0.3856542231443369,1
MathArticles/wpmath0000006/Degenerate_energy_levels/165.xml,0.5277777777777778,0.4277369281045752,2
MathArticles/wpmath0000006/Degenerate_energy_levels/75.xml,0.541711590296496,0.4770177132000089,0
MathArticles/wpmath0000013/Degrees_of_freedom_(physics_and_chemistry)/25.xml,0.22546101288269962,0.22546101288269962,2
MathArticles/wpmath0000007/Delay_differential_equation/5.xml,0,0,10
MathArticles/wpmath0000014/Demazure_module/0.xml,0.30834261579875616,0.30834261579875616,0
MathArticles/wpmath0000001/Density_matrix/35.xml,0.515,0.43578758241427973,0
MathArticles/wpmath0000001/Density_matrix/42.xml,0.43317610062893086,0.3922674779124659,2
MathArticles/wpmath0000003/Density_of_air/20.xml,1,0.8882724301841949,0
MathArticles/wpmath0000001/Depth_of_field/198.xml,0.20893293214721786,0.20893293214721786,9
MathArticles/wpmath0000014/Depth_of_noncommutative_subrings/15.xml,0.5083438685208597,0.4648472774065378,4
MathArticles/wpmath0000012/Derivation_of_the_Routh_array/107.xml,0.6083333333333334,0.6083333333333334,0
MathArticles/wpmath0000003/Deutsch–Jozsa_algorithm/47.xml,0.22775843947718946,0.22505288963135187,0
MathArticles/wpmath0000014/Diamond_coconut_model/20.xml,1,0.6791295898472212,2
MathArticles/wpmath0000007/Difference_in_differences/19.xml,1,0.973551724137931,0
MathArticles/wpmath0000005/Differential_algebra/13.xml,1,1,0
MathArticles/wpmath0000002/Differential_form/11.xml,1,0.8624999999999999,0
MathArticles/wpmath0000002/Differential_operator/35.xml,1,0.7927899790739844,1
MathArticles/wpmath0000004/Differentiation_under_the_integral_sign/10.xml,1,0.8387204364991391,0
MathArticles/wpmath0000001/Digital_filter/19.xml,1,0.5575911447131371,1
MathArticles/wpmath0000001/Dimension/14.xml,1,0.7099838878844964,0
MathArticles/wpmath0000001/Dimensional_analysis/93.xml,1,0.6112745716058345,1
MathArticles/wpmath0000006/Dini_derivative/1.xml,1,0.6736967260322524,0
MathArticles/wpmath0000001/Dirac_equation/76.xml,1,0.7009139806553599,3
MathArticles/wpmath0000004/Direct_methanol_fuel_cell/3.xml,0.5321168019057545,0.46291627263856633,0
MathArticles/wpmath0000003/Directional_derivative/15.xml,0.6085858585858586,0.5377806732911671,1
MathArticles/wpmath0000009/Dirichlet_algebra/0.xml,1,1,0
MathArticles/wpmath0000003/Dirichlet_eta_function/7.xml,1,0.5355350074209272,2
MathArticles/wpmath0000005/Discrete_Laplace_operator/24.xml,1,0.8922149083600838,1
MathArticles/wpmath0000003/Discretization/38.xml,1,0.41045829623054514,0
MathArticles/wpmath0000002/Dispersion_(optics)/9.xml,1,0.9249050332383666,1
MathArticles/wpmath0000015/Dispersive_body_waves/2.xml,1,0.7755054731426855,1
MathArticles/wpmath0000001/Distribution_(mathematics)/0.xml,1,0.6382949196094391,0
MathArticles/wpmath0000007/Distribution_(pharmacology)/0.xml,1,0.6113276026947757,0
MathArticles/wpmath0000016/Distribution_learning_theory/101.xml,1,1,2
MathArticles/wpmath0000004/Divergent_series/7.xml,1,0.6547248456110799,0
MathArticles/wpmath0000004/Divided_differences/25.xml,1,0.6167906654698154,0
MathArticles/wpmath0000007/Division_algorithm/3.xml,1,0.8626315789473684,0
MathArticles/wpmath0000008/Divisor_summatory_function/47.xml,1,0.6637250013109254,0
MathArticles/wpmath0000003/Dodecagon/4.xml,1,0.4519083714922369,0
MathArticles/wpmath0000004/Downhill_creep/3.xml,1,0.5729771069878757,0
MathArticles/wpmath0000016/Draft_Knockoff_filter/6.xml,1,0.5140534615261743,1
MathArticles/wpmath0000016/Draft_Mutual_energy_theorem/43.xml,1,0.7470733268281611,0
MathArticles/wpmath0000015/Drift_plus_penalty/75.xml,0.5395109395109394,0.4420249169079349,3
MathArticles/wpmath0000014/Duality_gap/1.xml,1,1,2
MathArticles/wpmath0000009/Ducci_sequence/3.xml,1,0.5200934357973529,0
MathArticles/wpmath0000007/Duhamel's_integral/11.xml,1,0.6417368672966122,0
MathArticles/wpmath0000007/Durand–Kerner_method/39.xml,0.601878078817734,0.506447266782687,2
MathArticles/wpmath0000012/Durbin_test/15.xml,1,0.4936137677636066,0
MathArticles/wpmath0000001/Duty_cycle/0.xml,1,0.6293325942857559,0
MathArticles/wpmath0000005/Dyck_language/54.xml,1,0.7870788422943595,1
MathArticles/wpmath0000012/Dynamic_rectangle/6.xml,1,1,1
MathArticles/wpmath0000005/Eccentricity_(mathematics)/13.xml,1,0.826400483968542,0
MathArticles/wpmath0000008/Ecosystem_model/1.xml,1,0.6399722152001572,1
MathArticles/wpmath0000005/Edge-graceful_labeling/2.xml,1,0.710763888888889,2
MathArticles/wpmath0000004/Edge_coloring/72.xml,0.7982456140350878,0.6143618125564356,0
MathArticles/wpmath0000004/Edgeworth_series/47.xml,0.4319047619047619,0.36265476190476187,0
MathArticles/wpmath0000016/Effect_Model_law/28.xml,1,0.655204991959944,1
MathArticles/wpmath0000013/Efficiency_(statistics)/2.xml,1,0.7683903078762473,1
MathArticles/wpmath0000005/Egorov's_theorem/0.xml,1,0.6463068024471004,0
MathArticles/wpmath0000016/Eigenstate_thermalization_hypothesis/36.xml,1,0.6584424313612484,0
MathArticles/wpmath0000006/Eigenvalues_and_eigenvectors/175.xml,0.4375,0.4334150326797386,1
MathArticles/wpmath0000009/Eilenberg–Moore_spectral_sequence/2.xml,0.6410544217687075,0.5396004360566998,2
MathArticles/wpmath0000005/Eisenstein_series/4.xml,1,0.5966824959117275,1
MathArticles/wpmath0000014/Electric_dipole_moment/43.xml,0.47404761904761905,0.41926999434946827,0
MathArticles/wpmath0000001/Electrical_impedance/18.xml,0.4902777777777778,0.436437432558645,0
MathArticles/wpmath0000005/Electromagnetically_induced_transparency/6.xml,1,1,8
MathArticles/wpmath0000007/Electron_electric_dipole_moment/0.xml,1,0.6853986315653309,0
MathArticles/wpmath0000001/Elementary_algebra/218.xml,1,0.7042643240616842,0
MathArticles/wpmath0000009/Elliptic_boundary_value_problem/64.xml,1,1,2
MathArticles/wpmath0000007/Elliptic_cylindrical_coordinates/18.xml,1,0.7116356730063211,0
MathArticles/wpmath0000008/Elliptic_rational_functions/40.xml,1,0.6540632720538412,0
MathArticles/wpmath0000013/Entanglement-assisted_stabilizer_formalism/28.xml,1,0.7692255835900794,2
MathArticles/wpmath0000012/Entropic_vector/56.xml,1,0.6623481175310088,0
MathArticles/wpmath0000015/Entropy_production/34.xml,1,0.9791666666666666,0
MathArticles/wpmath0000004/Envelope_(mathematics)/20.xml,1,0.6366129685339987,0
MathArticles/wpmath0000016/Equation-free_modeling/3.xml,1,0.882962962962963,4
MathArticles/wpmath0000001/Equation_of_state/125.xml,0.18118131868131865,0.18118131868131865,0
MathArticles/wpmath0000013/Equilibrium_chemistry/31.xml,1,0.6328074886659446,2
MathArticles/wpmath0000013/Equilibrium_chemistry/32.xml,1,0.4763414381738254,0
MathArticles/wpmath0000012/Equivalent_impedance_transforms/16.xml,1,0.7547063747164817,0
MathArticles/wpmath0000012/Ergodic_process/11.xml,1,0.6349561021824228,1
MathArticles/wpmath0000001/Euclidean_space/20.xml,1,1,2
MathArticles/wpmath0000001/Euclidean_space/22.xml,1,1,0
MathArticles/wpmath0000012/Euler's_factorization_method/22.xml,1,0.7737033136000921,0
MathArticles/wpmath0000001/Euler-Maclaurin_formula/51.xml,0.5078251458686242,0.47573295000376864,0
MathArticles/wpmath0000002/Euler_characteristic/19.xml,0.7950489110372831,0.676095505187174,0
MathArticles/wpmath0000006/Euler_function/11.xml,0.502920819490587,0.4228261471781367,0
MathArticles/wpmath0000012/Euler_spiral/9.xml,0.5067460317460317,0.46369954639547006,4
MathArticles/wpmath0000006/Euler–Bernoulli_beam_theory/40.xml,0.5152941825340257,0.4592936845341801,1
MathArticles/wpmath0000004/Exact_coloring/3.xml,1,0.7880758481016656,3
MathArticles/wpmath0000006/Exact_cover/14.xml,1,1,0
MathArticles/wpmath0000003/Exact_differential/60.xml,0.44666666666666666,0.4265276768302201,0
MathArticles/wpmath0000012/Exact_division/18.xml,1,1,2
MathArticles/wpmath0000014/Existential_theory_of_the_reals/13.xml,1,0.6707695122783106,1
MathArticles/wpmath0000014/Expander_code/110.xml,1,0.5788096348225943,1
MathArticles/wpmath0000008/Expansive/16.xml,1,1,4
MathArticles/wpmath0000009/Expected_shortfall/15.xml,1,0.6339026209061792,1
MathArticles/wpmath0000001/Exponential_distribution/28.xml,1,0.5640381480633532,0
MathArticles/wpmath0000005/Extended_X-ray_absorption_fine_structure/4.xml,1,0.5264727840487134,0
MathArticles/wpmath0000004/F-statistics/0.xml,1,0.5462987186242141,1
MathArticles/wpmath0000013/FEE_method/67.xml,0.4443856554967666,0.36227504555593587,2
MathArticles/wpmath0000012/FKG_inequality/41.xml,0.5839102564102564,0.5524516687016687,1
MathArticles/wpmath0000012/FOSD_origami/5.xml,0.6330532212885154,0.5337786499889944,0
MathArticles/wpmath0000014/Factor_regression_model/15.xml,0.7817021276595745,0.6070042677916015,0
MathArticles/wpmath0000015/Factor_system/6.xml,0.5727124183006536,0.45316021271112983,1
MathArticles/wpmath0000001/Factorial/58.xml,0.5466931216931217,0.3918022514735786,1
MathArticles/wpmath0000001/Factorial/79.xml,0.49006410256410254,0.49006410256410254,0
MathArticles/wpmath0000005/Faraday_cup/54.xml,0.6284057971014494,0.4916529020191596,1
MathArticles/wpmath0000005/Fast_wavelet_transform/34.xml,0.48754901960784314,0.4084047496068665,0
MathArticles/wpmath0000011/Favard_operator/1.xml,0.641260162601626,0.4676105047127293,1
MathArticles/wpmath0000003/Faà_di_Bruno's_formula/26.xml,0.4272734511864946,0.3902139119610817,1
MathArticles/wpmath0000004/Fermi's_interaction/4.xml,0.4307312925170068,0.3470189750725465,0
MathArticles/wpmath0000001/Feynman_diagram/13.xml,0.5365498546836576,0.459168624075152,2
MathArticles/wpmath0000008/Fiber_(mathematics)/0.xml,0.7159090909090909,0.6018043973841076,1
MathArticles/wpmath0000001/Fibonacci_number/22.xml,0.3281533683707597,0.309815561485763,1
MathArticles/wpmath0000001/Field_(mathematics)/23.xml,0.6799999999999999,0.5895833333333333,2
MathArticles/wpmath0000007/Field_line/1.xml,0.6098484848484849,0.5006188494804363,1
MathArticles/wpmath0000012/File_CrystalBallFunction.gif/3.xml,0.6376811594202898,0.6376811594202898,0
MathArticles/wpmath0000006/Filtered_algebra/30.xml,0.5700000000000001,0.5686324786324787,1
MathArticles/wpmath0000001/Finite_field/337.xml,0.519047619047619,0.4195140439488405,0
MathArticles/wpmath0000005/Finite_model_theory/21.xml,0.75,0.5481953231953232,1
MathArticles/wpmath0000016/Finite_volume_method_for_unsteady_flow/15.xml,0.3283442276247408,0.2676039209350005,0
MathArticles/wpmath0000001/First-order_logic/8.xml,0.6378792912513842,0.5162215078670406,0
MathArticles/wpmath0000009/Flatness_(systems_theory)/12.xml,0.4725255102040816,0.4725255102040816,0
MathArticles/wpmath0000002/Flipped_SU(5)/15.xml,0.6972972972972973,0.4726044503365456,0
MathArticles/wpmath0000001/Floating_point/52.xml,0.5362433862433862,0.3605180362260806,1
MathArticles/wpmath0000001/Floor_and_ceiling_functions/51.xml,0.4867886178861789,0.4412828286762878,2
MathArticles/wpmath0000006/Flow_(mathematics)/76.xml,0.6583333333333332,0.6467448680351905,0
MathArticles/wpmath0000009/Flow_velocity/10.xml,0.5564150943396227,0.47585092913284516,0
MathArticles/wpmath0000002/Fock_state/45.xml,0.482010582010582,0.4464138650299649,2
MathArticles/wpmath0000013/Forms_of_energy/30.xml,0.48782051282051286,0.45985248918497346,2
MathArticles/wpmath0000012/Formulas_for_generating_Pythagorean_triples/76.xml,0.6210884353741497,0.5904107421657188,0
MathArticles/wpmath0000002/Forward_contract/27.xml,0,0,10
MathArticles/wpmath0000009/Forward–backward_algorithm/66.xml,0.4418706988968426,0.38431209788258214,3
MathArticles/wpmath0000011/Four_exponentials_conjecture/2.xml,0.42783639664170636,0.4144526398676996,2
MathArticles/wpmath0000009/Fourier_integral_operator/4.xml,0.4011819879466938,0.3254184124713973,0
MathArticles/wpmath0000015/Fractional_Poisson_process/67.xml,1,0.8471775042087542,2
MathArticles/wpmath0000007/Fracture_toughness/2.xml,1,0.476073983905383,0
MathArticles/wpmath0000002/Free_fall/1.xml,1,0.6823567067498637,0
MathArticles/wpmath0000003/Free_product/7.xml,1,0.6980828399353196,0
MathArticles/wpmath0000004/Frenet–Serret_formulas/27.xml,0.45232733718487395,0.4469149390956755,7
MathArticles/wpmath0000006/Fresnel_diffraction/25.xml,1,0.8399245199245199,0
MathArticles/wpmath0000005/Friis_formulas_for_noise/7.xml,1,0.6168222261369571,0
MathArticles/wpmath0000003/Frobenius_theorem_(differential_topology)/46.xml,0.6904255319148936,0.5643882694379798,4
MathArticles/wpmath0000013/Froda's_theorem/24.xml,1,0.6912855613226807,1
MathArticles/wpmath0000012/Fréchet_distance/37.xml,1,0.8421516754850088,1
MathArticles/wpmath0000004/Fugacity/17.xml,1,0.7184291890840517,0
MathArticles/wpmath0000003/Functional_equation/5.xml,0.258785412899337,0.258785412899337,0
MathArticles/wpmath0000013/Föppl–von_Kármán_equations/25.xml,0.4702661873684238,0.4168419598997585,5
MathArticles/wpmath0000004/G2_manifold/2.xml,0.4027777777777778,0.4027777777777778,0
MathArticles/wpmath0000014/GPS_enhancement/14.xml,0.441178734399912,0.39346786911798887,1
MathArticles/wpmath0000006/Gamma_matrices/144.xml,0.5681011368511368,0.445002291642409,1
MathArticles/wpmath0000006/Gauge_covariant_derivative/15.xml,0.566525269111476,0.469978632903006,0
MathArticles/wpmath0000013/Gauge_theory/46.xml,0.4865079365079365,0.41802556127485135,0
MathArticles/wpmath0000006/Gauss's_constant/4.xml,0.44300431711145993,0.3959160156931757,0
MathArticles/wpmath0000009/Gauss's_continued_fraction/57.xml,0.6647232397232397,0.5808046585630576,0
MathArticles/wpmath0000002/Gaussian_function/32.xml,0.6317949907235622,0.5433774650397127,0
MathArticles/wpmath0000003/Gaussian_integral/40.xml,0.36935808570897094,0.3513496638366831,6
MathArticles/wpmath0000009/Gauss–Codazzi_equations/14.xml,0.5328968253968254,0.43397167253411506,0
MathArticles/wpmath0000013/General_Dirichlet_series/5.xml,1,0.5755123422045721,0
MathArticles/wpmath0000009/Generalised_circle/6.xml,0.5139849624060151,0.4075945746719741,0
MathArticles/wpmath0000003/Generalized_coordinates/9.xml,0.6064194139194139,0.5461417896285586,1
MathArticles/wpmath0000013/Generalized_normal_distribution/11.xml,0.6098484848484849,0.6098484848484849,0
MathArticles/wpmath0000001/Genetic_algorithm/18.xml,0.49558823529411766,0.4135068963492937,0
MathArticles/wpmath0000008/Geodesics_as_Hamiltonian_flows/12.xml,0.3978940406571986,0.36092636056630273,0
MathArticles/wpmath0000003/Geographic_coordinate_conversion/71.xml,0.5178571428571428,0.4774872520466783,0
MathArticles/wpmath0000012/Geometric_calculus/7.xml,0.42853479853479853,0.40508481683509917,1
MathArticles/wpmath0000001/Geometric_distribution/20.xml,0.5484044024113711,0.5282442985300099,0
MathArticles/wpmath0000014/Geopotential_model/17.xml,0.4369047619047619,0.3680763295346629,0
MathArticles/wpmath0000001/Geostationary_orbit/2.xml,0.5555555555555556,0.400861304739225,2
MathArticles/wpmath0000002/Gibbs_paradox/31.xml,0.10094341188527234,0.10094341188527234,0
MathArticles/wpmath0000001/Gluon/11.xml,0.2625,0.21394811026698798,2
MathArticles/wpmath0000013/Good_quantum_number/18.xml,0.4187169312169312,0.358190884535539,0
MathArticles/wpmath0000003/Gorenstein_ring/8.xml,0.5901360544217688,0.4233986673848425,0
MathArticles/wpmath0000008/Graeffe's_method/7.xml,1,0.75131914691604,0
MathArticles/wpmath0000004/Graph_homomorphism/12.xml,1,1,1
MathArticles/wpmath0000008/Grassmann's_law_(optics)/1.xml,1,0.6994490562130584,2
MathArticles/wpmath0000003/Grassmannian/151.xml,1,0.8516025641025641,0
MathArticles/wpmath0000005/Green–Kubo_relations/20.xml,0.5189448146103627,0.4982147564921614,7
MathArticles/wpmath0000013/Griesmer_bound/17.xml,1,0.8007565073958289,1
MathArticles/wpmath0000003/Group_extension/7.xml,1,0.9464824879227053,2
MathArticles/wpmath0000003/Group_ring/26.xml,1,0.6577362739320078,0
MathArticles/wpmath0000014/Growing_self-organizing_map/21.xml,1,0.6890258213839774,1
MathArticles/wpmath0000003/Gröbner_basis/60.xml,0.8244444444444444,0.8139797979797979,0
MathArticles/wpmath0000003/Gröbner_basis/63.xml,0.8244444444444444,0.8244444444444444,1
MathArticles/wpmath0000007/Grüneisen_parameter/47.xml,0.6457613472403088,0.4652954339416689,3
MathArticles/wpmath0000002/Gudermannian_function/2.xml,0.6119704433497537,0.5257888950287413,0
MathArticles/wpmath0000008/Gårding's_inequality/1.xml,0.674068512788025,0.5757341440271255,3
MathArticles/wpmath0000012/Half-normal_distribution/15.xml,1,0.7586354235872754,0
MathArticles/wpmath0000004/Hamiltonian_constraint/47.xml,1,0.9661824324324324,0
MathArticles/wpmath0000015/Hamiltonian_constraint_of_LQG/80.xml,1,0.6184434518174974,1
MathArticles/wpmath0000014/Hamiltonian_optics/41.xml,1,0.6920556474384509,1
MathArticles/wpmath0000005/Hanbury_Brown_and_Twiss_effect/15.xml,1,0.7788417470775736,1
MathArticles/wpmath0000005/Hanbury_Brown_and_Twiss_effect/4.xml,1,0.5784195991427872,0
MathArticles/wpmath0000003/Hausdorff_distance/0.xml,1,0.5707292247417963,0
MathArticles/wpmath0000013/Head_grammar/11.xml,1,0.7285651295974973,0
MathArticles/wpmath0000002/Heat_equation/66.xml,1,0.7304072495732287,1
MathArticles/wpmath0000002/Heat_exchanger/10.xml,1,0.6715282577871089,1
MathArticles/wpmath0000007/Heisenberg_model_(quantum)/11.xml,1,0.8022103026349602,0
MathArticles/wpmath0000012/Helly_metric/14.xml,1,1,0
MathArticles/wpmath0000004/Hermitian_hat_wavelet/1.xml,1,0.5966584019006603,0
MathArticles/wpmath0000012/Hesse_normal_form/8.xml,1,0.9261517615176151,1
MathArticles/wpmath0000009/Heston_model/14.xml,1,0.9400980573910239,0
MathArticles/wpmath0000001/Heterodyne/7.xml,1,0.6209717179522538,0
MathArticles/wpmath0000013/Higher-dimensional_gamma_matrices/118.xml,1,0.5903221391730937,0
MathArticles/wpmath0000006/Highly_optimized_tolerance/6.xml,1,0.7448928714402604,0
MathArticles/wpmath0000012/Hill_yield_criterion/64.xml,1,0.5322233926595464,2
MathArticles/wpmath0000002/History_of_geodesy/1.xml,1,0.6426486994143653,0
MathArticles/wpmath0000013/Holmgren's_uniqueness_theorem/2.xml,1,0.699904128456041,3
MathArticles/wpmath0000014/Homomorphic_signatures_for_network_coding/144.xml,1,0.7088995230095675,0
MathArticles/wpmath0000014/Homomorphic_signatures_for_network_coding/18.xml,1,0.5616283173348391,2
MathArticles/wpmath0000016/Homotopy_colimit/7.xml,1,0.5957387080339291,0
MathArticles/wpmath0000007/Hopf_bifurcation/14.xml,0.3122630331753555,0.25470968894036355,0
MathArticles/wpmath0000016/Hopfield_dielectric/2.xml,0.3696072053593751,0.23874674069339424,0
MathArticles/wpmath0000001/Horner's_method/6.xml,1,0.8888070175438596,0
MathArticles/wpmath0000005/Hull–White_model/17.xml,0.6359518953268953,0.5482661506093979,5
MathArticles/wpmath0000001/Huygens–Fresnel_principle/2.xml,0.7613112196445531,0.5779582805456317,2
MathArticles/wpmath0000015/Hybrid_difference_scheme/42.xml,1,0.7043086434260823,0
MathArticles/wpmath0000004/Hyperbolic_quaternion/2.xml,1,0.7586206896551724,0
MathArticles/wpmath0000003/Hyperfine_structure/21.xml,1,0.6506081898851606,0
MathArticles/wpmath0000002/Hypergeometric_distribution/75.xml,1,0.6572280409396194,2
MathArticles/wpmath0000002/Hypergraph/51.xml,1,0.8955555555555555,0
MathArticles/wpmath0000007/Hölder_condition/12.xml,0.5141695762049208,0.4740616338439668,3
MathArticles/wpmath0000013/IBAF_World_Rankings/0.xml,1,0.5840768445616752,0
MathArticles/wpmath0000001/IEEE_754-1985/11.xml,0.43583333333333335,0.4211634142557908,2
MathArticles/wpmath0000001/Ideal_(ring_theory)/54.xml,0.3916316526610644,0.3916316526610644,0
MathArticles/wpmath0000012/Imaginary_hyperelliptic_curve/436.xml,1,0.7537529449351659,0
MathArticles/wpmath0000001/Imaginary_unit/56.xml,1,0.9094345238095238,0
MathArticles/wpmath0000016/Imprecise_Dirichlet_process/22.xml,1,0.9741666666666666,0
MathArticles/wpmath0000003/Incidence_matrix/15.xml,1,0.7498214285714286,2
MathArticles/wpmath0000001/Inclined_plane/21.xml,1,0.796052274974365,0
MathArticles/wpmath0000002/Indefinite_orthogonal_group/0.xml,1,0.49486111111111114,0
MathArticles/wpmath0000013/Indefinite_sum/16.xml,1,0.8045883815388943,0
MathArticles/wpmath0000002/Index_of_a_subgroup/20.xml,0.40619047619047616,0.363746184396714,2
MathArticles/wpmath0000013/Inductive_type/4.xml,1,0.536081475079598,0
MathArticles/wpmath0000007/Info-gap_decision_theory/183.xml,0.375498712998713,0.375498712998713,0
MathArticles/wpmath0000007/Initial_algebra/30.xml,0.7621052631578948,0.5691953419914687,0
MathArticles/wpmath0000002/Initialized_fractional_calculus/0.xml,0.6733994967850154,0.555945424065226,0
MathArticles/wpmath0000008/Inner_measure/13.xml,1,0.9433333333333334,0
MathArticles/wpmath0000003/Interaction_(statistics)/0.xml,1,0.7439282389110226,0
MathArticles/wpmath0000006/Interleave_sequence/1.xml,1,0.8123684210526316,0
MathArticles/wpmath0000016/Intersection_(Euclidean_geometry)/78.xml,0.6488414115646258,0.6271648242630385,1
MathArticles/wpmath0000004/Intersection_homology/9.xml,1,0.5397974172702309,1
MathArticles/wpmath0000006/Interval_arithmetic/31.xml,1,0.5669892814516969,0
MathArticles/wpmath0000008/Interval_scheduling/14.xml,1,0.6235467807134538,0
MathArticles/wpmath0000004/Inverse_Galois_problem/6.xml,1,1,0
MathArticles/wpmath0000001/Inverse_limit/1.xml,1,0.6668318850837827,1
MathArticles/wpmath0000003/Inverse_trigonometric_functions/27.xml,1,0.8961070383420926,0
MathArticles/wpmath0000005/Iterated_function/105.xml,1,0.8082465277777777,2
MathArticles/wpmath0000004/Iwasawa_decomposition/17.xml,1,0.7474386724386725,1
MathArticles/wpmath0000015/J-structure/7.xml,1,0.6687782811570141,0
MathArticles/wpmath0000007/Jacobi_method/2.xml,0.3843863743057291,0.33765096261320227,0
MathArticles/wpmath0000013/Jacobian_curve/10.xml,0.4222222222222222,0.3425271581347259,2
MathArticles/wpmath0000008/Jaynes–Cummings_model/1.xml,0.9333333333333333,0.9142857142857143,3
MathArticles/wpmath0000002/Jensen's_inequality/101.xml,1,0.6587740132836923,0
MathArticles/wpmath0000002/Jensen's_inequality/70.xml,1,0.6814395816801139,2
MathArticles/wpmath0000002/John_Wallis/2.xml,1,0.7750690836940837,0
MathArticles/wpmath0000004/Joint_entropy/10.xml,1,0.983003663003663,0
MathArticles/wpmath0000007/Josephson_penetration_depth/8.xml,1,0.7025745772492348,1
MathArticles/wpmath0000007/Joukowsky_transform/13.xml,1,0.5510724531124205,0
MathArticles/wpmath0000007/K-edge-connected_graph/0.xml,1,1,1
MathArticles/wpmath0000013/K-factor_(marketing)/1.xml,1,0.7377591544258211,1
MathArticles/wpmath0000007/Kadomtsev–Petviashvili_equation/1.xml,1,0.9361325312618416,3
MathArticles/wpmath0000004/Karoubi_envelope/0.xml,1,1,0
MathArticles/wpmath0000003/Kazimierz_Zarankiewicz/2.xml,1,0.5924137327344731,0
MathArticles/wpmath0000006/Kepler_problem/23.xml,1,0.7741974598866255,0
MathArticles/wpmath0000007/Kernel_method/6.xml,1,0.6377478084614846,0
MathArticles/wpmath0000014/Kirchhoff's_diffraction_formula/20.xml,1,0.4928443120914713,0
MathArticles/wpmath0000014/Kirchhoff–Love_plate_theory/122.xml,0.7778935419052109,0.6638120588912553,4
MathArticles/wpmath0000003/Knudsen_number/17.xml,1,0.6774510562702992,2
MathArticles/wpmath0000003/Knuth–Bendix_completion_algorithm/32.xml,0.9583333333333333,0.8679931972789116,3
MathArticles/wpmath0000004/Kronecker_symbol/28.xml,1,0.8383818398048875,4
MathArticles/wpmath0000003/Kullback–Leibler_divergence/114.xml,1,0.6262761710662526,6
MathArticles/wpmath0000009/Kutta–Joukowski_theorem/40.xml,0.7584821428571429,0.617787350930225,3
MathArticles/wpmath0000016/L-cysteine_1D-myo-inositol_2-amino-2-deoxy-alpha-D-glucopyranoside_ligase/0.xml,1,1,1
MathArticles/wpmath0000009/LPBoost/33.xml,0.5209558823529412,0.4983590387374462,0
MathArticles/wpmath0000003/Lagrange's_four-square_theorem/94.xml,0.5227272727272727,0.42598828388973775,4
MathArticles/wpmath0000004/Lagrange_reversion_theorem/6.xml,0.5236111111111111,0.46306747458627373,1
MathArticles/wpmath0000013/Lagrangian_mechanics/4.xml,0.5799503199212501,0.48895506906867153,0
MathArticles/wpmath0000006/Lambda_lifting/108.xml,0.45354554865424423,0.28742700420571193,0
MathArticles/wpmath0000006/Lambda_lifting/193.xml,0.6323275862068966,0.503451523861082,0
MathArticles/wpmath0000006/Lambda_lifting/204.xml,0.3592592592592593,0.3592592592592593,0
MathArticles/wpmath0000012/Lambert's_problem/23.xml,0.26519607843137255,0.2049472631602412,2
MathArticles/wpmath0000007/Lamm_equation/0.xml,0.4078232435216914,0.3563882582109381,0
MathArticles/wpmath0000004/Landau_damping/7.xml,0.44368686868686863,0.3905763989097322,7
MathArticles/wpmath0000003/Lane–Emden_equation/76.xml,0.7131205673758865,0.5756964540324855,4
MathArticles/wpmath0000005/Langmuir–Blodgett_trough/12.xml,0.41480263157894737,0.37263803481028435,0
MathArticles/wpmath0000001/Laplace_transform/109.xml,0.47612651030561476,0.45032878116561476,4
MathArticles/wpmath0000005/Laplace–Beltrami_operator/25.xml,0.5368046341343555,0.4814366534144305,4
MathArticles/wpmath0000005/Laplace–Beltrami_operator/62.xml,0.45707162318349687,0.3975590198938618,2
MathArticles/wpmath0000004/Laplace–Runge–Lenz_vector/125.xml,0.2558862433862434,0.2558862433862434,0
MathArticles/wpmath0000014/Large_margin_nearest_neighbor/7.xml,0.44545454545454544,0.40335894216224666,0
MathArticles/wpmath0000006/Larmor_formula/33.xml,0.6262096774193548,0.5158077667057896,0
MathArticles/wpmath0000007/Latent_Dirichlet_allocation/36.xml,0.5556651267472164,0.4256640418200479,0
MathArticles/wpmath0000007/Latent_Dirichlet_allocation/44.xml,0.30945701335977044,0.26732793588927656,0
MathArticles/wpmath0000012/Latent_semantic_indexing/15.xml,0.13545628967127626,0.12874968534632011,0
MathArticles/wpmath0000001/Latitude/20.xml,0.18098845598845598,0.18098845598845598,0
MathArticles/wpmath0000003/Lattice_(order)/15.xml,0.4358974358974359,0.37133518893387313,0
MathArticles/wpmath0000016/Laver_property/13.xml,0.5608974358974359,0.5304844614127703,0
MathArticles/wpmath0000013/Lebesgue_integration/48.xml,0.6512096774193549,0.6315234519836855,4
MathArticles/wpmath0000012/Leggett–Garg_inequality/0.xml,0.4348214285714285,0.40585344496190084,0
MathArticles/wpmath0000002/Lie_algebroid/14.xml,1,0.8433169533995006,1
MathArticles/wpmath0000008/Lie_coalgebra/4.xml,1,0.4746163061759113,0
MathArticles/wpmath0000016/Lieb-Robinson_bounds/34.xml,0.4652568922305764,0.32627470722611596,0
MathArticles/wpmath0000007/Lifting_scheme/15.xml,0.5441666666666667,0.5441666666666667,0
MathArticles/wpmath0000016/Light-front_computational_methods/176.xml,0.6634615384615384,0.519312194627928,2
MathArticles/wpmath0000003/Limit_cardinal/22.xml,0.435515873015873,0.330971648756021,0
MathArticles/wpmath0000004/Linear_approximation/17.xml,0.4325755863334977,0.22112124059071245,0
MathArticles/wpmath0000003/Linear_least_squares_(mathematics)/146.xml,0.5924561403508772,0.5020029607670223,0
MathArticles/wpmath0000003/Linear_least_squares_(mathematics)/178.xml,0.5135623346560847,0.43597944712163883,5
MathArticles/wpmath0000008/Line–line_intersection/11.xml,0,0,10
MathArticles/wpmath0000005/Linkage_principle/31.xml,0.3632523148148148,0.3050850029740245,2
MathArticles/wpmath0000006/Liquid–liquid_extraction/1.xml,0.4269308943089431,0.36740940163148184,1
MathArticles/wpmath0000015/List_of_electromagnetism_equations/59.xml,0.49172932330827074,0.42111434939787107,0
MathArticles/wpmath0000001/List_of_equations_in_classical_mechanics/60.xml,0.31752902725695076,0.26384057086303936,0
MathArticles/wpmath0000001/List_of_equations_in_classical_mechanics/9.xml,0.5914643635231871,0.4713217075273839,1
MathArticles/wpmath0000015/List_of_equations_in_gravitation/9.xml,0.6578703703703703,0.5635661315750388,0
MathArticles/wpmath0000006/List_of_fractals_by_Hausdorff_dimension/46.xml,0.361820652173913,0.34238953229527136,0
MathArticles/wpmath0000002/List_of_integrals_of_rational_functions/42.xml,0.2932135473083749,0.2823344551361793,0
MathArticles/wpmath0000014/List_of_logic_systems/3.xml,0.3895901838996468,0.3799912127987575,0
MathArticles/wpmath0000003/List_of_moments_of_inertia/55.xml,0.35878165671980106,0.33738435573140063,4
MathArticles/wpmath0000012/List_of_nonlinear_partial_differential_equations/5.xml,0.6072695463320463,0.550019597290304,1
MathArticles/wpmath0000012/List_of_nonlinear_partial_differential_equations/84.xml,0.5466991341991343,0.4794191648849257,0
MathArticles/wpmath0000002/List_of_relativistic_equations/23.xml,0.17763227513227514,0.17763227513227514,0
MathArticles/wpmath0000009/List_of_space_groups/339.xml,0.3869047619047619,0.2738897098236922,5
MathArticles/wpmath0000012/Littlewood–Richardson_rule/18.xml,0.6797794117647058,0.6797794117647058,0
MathArticles/wpmath0000014/Local_Elevation/0.xml,1,0.7582114710205606,0
MathArticles/wpmath0000014/Local_Elevation/5.xml,0.4970833333333333,0.4546027629716717,0
MathArticles/wpmath0000002/Local_field/10.xml,0.398577694235589,0.34071834391990063,0
MathArticles/wpmath0000002/Local_ring/8.xml,0.49166666666666664,0.49166666666666664,0
MathArticles/wpmath0000015/Logarithmic_resistor_ladder/15.xml,0.6458333333333333,0.5575758183568678,2
MathArticles/wpmath0000012/Loop_variant/10.xml,0.5216666666666667,0.5142592592592592,0
MathArticles/wpmath0000016/Lorentz-violating_electrodynamics/39.xml,0.6074561403508771,0.5093506335282652,0
MathArticles/wpmath0000014/Lorentz-violating_neutrino_oscillations/28.xml,0.32386363636363635,0.271790321742919,0
MathArticles/wpmath0000003/Loss_function/20.xml,0.5540525114155251,0.48967843018076573,1
MathArticles/wpmath0000014/Low-rank_approximation/10.xml,0.4065330726621049,0.3612594037959667,1
MathArticles/wpmath0000004/Lyapunov_equation/8.xml,1,0.8662860855843312,1
MathArticles/wpmath0000003/Lyman_series/9.xml,1,0.5384237177842552,0
MathArticles/wpmath0000006/Machin-like_formula/54.xml,1,0.9147411616161616,8
MathArticles/wpmath0000013/Magnetic_braking/16.xml,1,0.5378578253908348,1
MathArticles/wpmath0000006/Magnetic_reluctance/5.xml,1,0.8930995670995671,0
MathArticles/wpmath0000002/Magnetic_susceptibility/17.xml,1,0.5554071508567624,0
MathArticles/wpmath0000007/Majority_logic_decoding/13.xml,1,0.7410137408466339,0
MathArticles/wpmath0000002/Malleability_(cryptography)/22.xml,1,0.8960550198525241,0
MathArticles/wpmath0000001/Mandelbrot_set/116.xml,1,0.749993564993565,0
MathArticles/wpmath0000013/Mandelbulb/35.xml,1,0.5320126099994503,0
MathArticles/wpmath0000015/Markov–Kakutani_fixed-point_theorem/0.xml,0.6582113363363363,0.5865242757647942,1
MathArticles/wpmath0000004/Master_equation/24.xml,1,0.6559674452110225,0
MathArticles/wpmath0000004/Mathematical_coincidence/1.xml,1,0.6316171996284737,0
MathArticles/wpmath0000002/Mathematical_fallacy/25.xml,1,0.6129541632383235,0
MathArticles/wpmath0000004/Mathematical_modelling_of_infectious_disease/12.xml,1,0.589470168345497,0
MathArticles/wpmath0000012/Mathematical_principles_of_reinforcement/31.xml,1,0.6403885477575826,1
MathArticles/wpmath0000012/Matrix_(mathematics)/31.xml,1,0.6872328682029181,0
MathArticles/wpmath0000005/Matrix_calculus/15.xml,1,0.902474645030426,0
MathArticles/wpmath0000005/Matrix_calculus/313.xml,1,0.6093829896693003,0
MathArticles/wpmath0000012/Matrix_differential_equation/13.xml,1,0.6184769269929908,3
MathArticles/wpmath0000012/Matrix_differential_equation/2.xml,1,0.6110377194858192,2
MathArticles/wpmath0000015/Matroid_polytope/18.xml,1,0.9704545454545455,2
MathArticles/wpmath0000013/Matérn_covariance_function/7.xml,0.5369579074124529,0.4918568271909387,5
MathArticles/wpmath0000001/Maxwell's_equations/178.xml,1,0.7887708105136859,0
MathArticles/wpmath0000001/Maxwell-Boltzmann_distribution/17.xml,0.35801893063199597,0.3482506256855952,2
MathArticles/wpmath0000006/Maxwell_stress_tensor/15.xml,0.44295149295149294,0.3756849159562225,1
MathArticles/wpmath0000007/McNemar's_test/4.xml,1,0.6583612565358301,0
MathArticles/wpmath0000016/Mean_field_particle_methods/98.xml,1,0.6936759122754141,3
MathArticles/wpmath0000009/Mean_shift/48.xml,1,0.6019273053836518,0
MathArticles/wpmath0000004/Mechanism_design/25.xml,1,0.5784054597137184,0
MathArticles/wpmath0000012/Meridian_arc/70.xml,1,0.7070074417919245,0
MathArticles/wpmath0000004/Method_of_analytic_tableaux/131.xml,1,1,0
MathArticles/wpmath0000007/Method_of_image_charges/19.xml,1,0.8081999317691607,2
MathArticles/wpmath0000013/Method_of_quantum_characteristics/111.xml,0.7730174261485416,0.6857342321926915,0
MathArticles/wpmath0000005/Method_of_undetermined_coefficients/27.xml,1,0.6152497432091765,1
MathArticles/wpmath0000008/Metric_derivative/13.xml,1,0.9205304925561084,0
MathArticles/wpmath0000001/Metric_space/115.xml,1,0.833161477151247,0
MathArticles/wpmath0000001/Metropolis–Hastings_algorithm/17.xml,0,0,10
MathArticles/wpmath0000016/Microscale_and_macroscale_models/12.xml,1,0.9614035087719298,0
MathArticles/wpmath0000007/Microscopic_reversibility/0.xml,1,1,1
MathArticles/wpmath0000013/Mie–Gruneisen_equation_of_state/64.xml,0.40532700633751373,0.35531303593949903,4
MathArticles/wpmath0000012/Mild-slope_equation/113.xml,1,0.8484797297297297,0
MathArticles/wpmath0000014/Miller_theorem/0.xml,1,0.7808545832997085,0
MathArticles/wpmath0000004/Min-max_theorem/36.xml,1,0.651922453552423,2
MathArticles/wpmath0000016/Min_entropy/9.xml,0.31572580645161286,0.2633203114884995,2
MathArticles/wpmath0000007/Minakshisundaram–Pleijel_zeta_function/4.xml,0.12886350711693176,0.12329843862378106,0
MathArticles/wpmath0000007/Minkowski_plane/69.xml,0.47934782608695653,0.47891304347826086,0
MathArticles/wpmath0000005/Mittag-Leffler_function/3.xml,1,0.6225788575508278,1
MathArticles/wpmath0000013/Mobile_Membranes/56.xml,1,0.6596216787787292,0
MathArticles/wpmath0000012/Modes_of_convergence_(annotated_index)/12.xml,1,1,2
MathArticles/wpmath0000003/Module_homomorphism/3.xml,1,0.7916818721715448,0
MathArticles/wpmath0000016/Modulus_of_smoothness/23.xml,1,0.8906541606541607,1
MathArticles/wpmath0000007/Molar_solubility/7.xml,1,0.7205979615921703,0
MathArticles/wpmath0000007/Moment_map/14.xml,1,0.6473587325587109,0
MathArticles/wpmath0000007/Moment_map/64.xml,1,0.6737820076384501,0
MathArticles/wpmath0000002/Moment_of_inertia/82.xml,1,0.6867083733269018,1
MathArticles/wpmath0000006/Monochromatic_electromagnetic_plane_wave/32.xml,1,0.9843358395989975,3
MathArticles/wpmath0000012/Monogenic_field/2.xml,1,0.6292997540566185,2
MathArticles/wpmath0000015/Monoid_factorisation/1.xml,1,0.6505236620500875,0
MathArticles/wpmath0000016/Monotone_comparative_statics/438.xml,1,0.8758496416584651,3
MathArticles/wpmath0000016/Monte_Carlo_tree_search/27.xml,1,0.7131965344277246,0
MathArticles/wpmath0000006/Mooney–Rivlin_solid/35.xml,1,0.9167974882260597,3
MathArticles/wpmath0000008/Mortgage_calculator/6.xml,1,0.6047294244035443,0
MathArticles/wpmath0000008/Multi-scale_approaches/1.xml,1,0.9273674242424242,2
MathArticles/wpmath0000002/Multilinear_map/19.xml,1,0.6137656658939649,0
MathArticles/wpmath0000002/Multilinear_map/43.xml,1,0.6451524054034229,0
MathArticles/wpmath0000016/Multiple_kernel_learning/33.xml,1,0.6205398959136409,0
MathArticles/wpmath0000004/Multiplier_(Fourier_analysis)/145.xml,1,1,0
MathArticles/wpmath0000005/Multiresolution_analysis/17.xml,1,0.7829143423679865,0
MathArticles/wpmath0000013/Multislice/32.xml,1,0.6122869328276639,0
MathArticles/wpmath0000015/Mutation_(Jordan_algebra)/10.xml,1,0.6506563695077835,0
MathArticles/wpmath0000004/Muzzle_energy/0.xml,1,0.6606265526335949,0
MathArticles/wpmath0000001/Möbius_inversion_formula/5.xml,0.7647435897435897,0.6955798608430988,2
MathArticles/wpmath0000002/Möbius_transformation/133.xml,0.4966238504381546,0.43924326444587547,5
MathArticles/wpmath0000013/N-curve/57.xml,1,0.5866228916332628,0
MathArticles/wpmath0000013/N-slit_interferometric_equation/8.xml,1,0.4838329902054825,1
MathArticles/wpmath0000007/Nachbin's_theorem/11.xml,1,0.7447416811743536,1
MathArticles/wpmath0000014/Nagata's_conjecture/0.xml,1,0.5889161079031684,2
MathArticles/wpmath0000008/Naimark's_dilation_theorem/49.xml,1,0.5932879125814483,0
MathArticles/wpmath0000009/Nakagami_distribution/18.xml,1,0.7151234567901235,1
MathArticles/wpmath0000014/Naor-Reingold_Pseudorandom_Function/18.xml,1,0.7853373192711428,1
MathArticles/wpmath0000014/Naor-Reingold_Pseudorandom_Function/50.xml,1,0.3542458409518156,0
MathArticles/wpmath0000013/Narrow_escape_problem/3.xml,1,1,0
MathArticles/wpmath0000013/Natural_logarithm_of_2/14.xml,1,0.4871544633705701,3
MathArticles/wpmath0000014/Natural_units/85.xml,1,0.6008794733120406,0
MathArticles/wpmath0000002/Negative_feedback/0.xml,1,0.6140180310960549,0
MathArticles/wpmath0000002/Negative_resistance/112.xml,1,0.6357963589298465,3
MathArticles/wpmath0000002/Negative_resistance/141.xml,1,0.7747447738727861,3
MathArticles/wpmath0000006/Neo-Hookean_solid/76.xml,1,0.9729166666666667,2
MathArticles/wpmath0000016/Network_robustness/4.xml,1,0.5755233209347573,3
MathArticles/wpmath0000012/Network_science/11.xml,1,0.6843114218114218,0
MathArticles/wpmath0000004/Neutron_transport/41.xml,1,0.8809523809523809,4
MathArticles/wpmath0000016/Next-generation_matrix/14.xml,1,1,0
MathArticles/wpmath0000009/Niven's_constant/3.xml,1,0.8067472012992282,2
MathArticles/wpmath0000003/Non-abelian_gauge_transformation/9.xml,1,0.8021688231196344,0
MathArticles/wpmath0000006/Non-line-of-sight_propagation/8.xml,1,0.7529517067124333,2
MathArticles/wpmath0000011/Non-linear_least_squares/59.xml,1,0.5774923195084486,3
MathArticles/wpmath0000013/Non-topological_soliton/55.xml,1,0.5412924160751555,0
MathArticles/wpmath0000006/Noncentral_chi_distribution/17.xml,1,0.8779793303322715,0
MathArticles/wpmath0000015/Noncommutative_signal-flow_graph/15.xml,1,1,0
MathArticles/wpmath0000005/Nondimensionalization/1.xml,1,0.6441190518031658,1
MathArticles/wpmath0000004/Normal_order/104.xml,1,0.8564566297899632,1
MathArticles/wpmath0000005/Nuclear_density/3.xml,1,0.6840689947938554,0
MathArticles/wpmath0000005/Nuclear_magnetic_moment/8.xml,1,0.8152896341521617,1
MathArticles/wpmath0000001/Numerical_aperture/24.xml,1,0.6942725102956141,2
MathArticles/wpmath0000005/One-_and_two-tailed_tests/2.xml,1,0.7866959064327486,5
MathArticles/wpmath0000003/Onsager_reciprocal_relations/24.xml,1,0.6440750644651595,0
MathArticles/wpmath0000015/Onsager–Machlup_function/5.xml,0.5489778266474595,0.4808136849072764,2
MathArticles/wpmath0000002/Operator_norm/11.xml,1,0.6740601979769459,1
MathArticles/wpmath0000014/Orbital_angular_momentum_of_light/25.xml,1,0.6862862199052768,3
MathArticles/wpmath0000014/Orbital_perturbation_analysis_(spacecraft)/18.xml,1,0.7880849912588734,0
MathArticles/wpmath0000014/Ordinary_differential_equation/41.xml,1,0.8651353486167456,1
MathArticles/wpmath0000014/Ordinary_differential_equation/42.xml,1,0.7046209843930182,1
MathArticles/wpmath0000001/Original_proof_of_Gödel's_completeness_theorem/28.xml,0.4275300442757749,0.4212887892204781,8
MathArticles/wpmath0000009/Ornstein–Zernike_equation/0.xml,0.7442813405499973,0.6120206215427145,5
MathArticles/wpmath0000012/Orthogonality_principle/24.xml,1,1,0
MathArticles/wpmath0000012/Orthogonality_principle/6.xml,1,0.851999791144528,1
MathArticles/wpmath0000007/Orthotropic_material/0.xml,1,0.6863830497526473,0
MathArticles/wpmath0000007/Orthotropic_material/69.xml,1,0.800824925432725,0
MathArticles/wpmath0000006/Ostwald–Freundlich_equation/54.xml,0.5471622093207703,0.48925239611253124,6
MathArticles/wpmath0000003/Outer_measure/11.xml,1,0.7964403852230729,0
MathArticles/wpmath0000015/Oversampled_binary_image_sensor/23.xml,1,0.9170833333333334,0
MathArticles/wpmath0000001/P-adic_number/55.xml,1,0.8352924418015419,0
MathArticles/wpmath0000013/Packing_in_a_hypergraph/70.xml,1,0.5384305712439359,0
MathArticles/wpmath0000010/Padua_points/31.xml,1,0.857517132906415,0
MathArticles/wpmath0000006/Paleothermometer/1.xml,1,0.6715360696517413,2
MathArticles/wpmath0000006/Parameterized_post-Newtonian_formalism/135.xml,1,0.9079545454545455,0
MathArticles/wpmath0000007/Parametric_surface/8.xml,0.2983883233883234,0.2983883233883234,0
MathArticles/wpmath0000007/Paris'_law/2.xml,1,0.6081740181880388,0
MathArticles/wpmath0000013/Parity_function/20.xml,1,0.9305555555555556,3
MathArticles/wpmath0000012/Parity_problem_(sieve_theory)/10.xml,1,0.7278316741794255,0
MathArticles/wpmath0000012/Partial_molar_property/28.xml,0.37217120181405894,0.34519705884739105,0
MathArticles/wpmath0000013/Partially_ordered_ring/11.xml,0.4916666666666667,0.43836858001944495,0
MathArticles/wpmath0000005/Particle_acceleration/1.xml,1,0.5782819939807422,0
MathArticles/wpmath0000005/Peak_signal-to-noise_ratio/0.xml,1,0.5419249953243701,1
MathArticles/wpmath0000014/Pearl_vortex/2.xml,1,0.7025734414022363,1
MathArticles/wpmath0000009/Peierls_stress/0.xml,1,0.5626497477102673,1
MathArticles/wpmath0000005/Pell_number/2.xml,1,0.7114457601222307,0
MathArticles/wpmath0000006/Pentation/32.xml,1,0.46435060765214115,0
MathArticles/wpmath0000003/Percentile/28.xml,1,0.6524237186085029,0
MathArticles/wpmath0000013/Percolation_critical_exponents/55.xml,1,0.596068711435334,1
MathArticles/wpmath0000004/Periodic_points_of_complex_quadratic_mappings/83.xml,1,0.5703399977768366,0
MathArticles/wpmath0000007/Persistence_length/4.xml,1,0.6839291422759165,0
MathArticles/wpmath0000009/Persymmetric_matrix/1.xml,1,0.5078613489401143,0
MathArticles/wpmath0000012/Pettis_integral/20.xml,1,0.7367186507028649,1
MathArticles/wpmath0000013/Phase_qubit/31.xml,1,0.591821514279345,0
MathArticles/wpmath0000009/Phase_retrieval/34.xml,0.8133333333333334,0.7549370784254505,3
MathArticles/wpmath0000002/Phonon/130.xml,1,0.6756758067048745,2
MathArticles/wpmath0000014/Picard–Lefschetz_theory/1.xml,0.5554113444121668,0.48529902843059625,3
MathArticles/wpmath0000007/Planar_ternary_ring/36.xml,1,0.8008799357868507,2
MathArticles/wpmath0000014/Plancherel_measure/4.xml,1,0.7067147034252297,1
MathArticles/wpmath0000012/Plancherel_theorem_for_spherical_functions/248.xml,1,0.7497714381661529,0
MathArticles/wpmath0000016/Plethystic_substitution/30.xml,1,0.6646937463279481,0
MathArticles/wpmath0000012/Pocket_set_theory/8.xml,1,0.8108893856587688,0
MathArticles/wpmath0000007/Poincaré_inequality/5.xml,0.5385642135642135,0.5186699541307057,3
MathArticles/wpmath0000005/Poincaré_metric/20.xml,0.6790024630541871,0.5962813503613821,3
MathArticles/wpmath0000009/Point_reflection/10.xml,1,1,0
MathArticles/wpmath0000016/Poisson_wavelet/39.xml,0.4813813813813814,0.4813813813813814,0
MathArticles/wpmath0000008/Poker_probability_(Omaha)/44.xml,1,0.8791717003926306,0
MathArticles/wpmath0000008/Poker_probability_(Omaha)/59.xml,1,0.7444902659097347,0
MathArticles/wpmath0000001/Polar_coordinate_system/59.xml,0.1765838715805471,0.1765838715805471,0
MathArticles/wpmath0000004/Polarization_density/41.xml,0.36762820512820515,0.3090430855417692,0
MathArticles/wpmath0000004/Polaron/32.xml,0.44115410052910053,0.416777670055378,0
MathArticles/wpmath0000001/Polish_notation/18.xml,1,0.8552409185017881,0
MathArticles/wpmath0000012/Polynomial_code/66.xml,1,1,0
MathArticles/wpmath0000009/Polynomial_greatest_common_divisor/1.xml,1,0.6851918239901121,0
MathArticles/wpmath0000009/Polynomial_greatest_common_divisor/91.xml,1,0.8770002145002145,3
MathArticles/wpmath0000016/Polynomial_least_squares/105.xml,1,0.9571590909090909,0
MathArticles/wpmath0000016/Polynomial_least_squares/65.xml,1,0.9457264957264957,0
MathArticles/wpmath0000010/Portal_Chemistry__Useful_equations_and_links/102.xml,1,0.7424843979450081,0
MathArticles/wpmath0000010/Portal_Chemistry__Useful_equations_and_links/16.xml,1,0.3896155229732759,0
MathArticles/wpmath0000006/Portal_Gravitation__Mass/0.xml,1,0.921892294593444,1
MathArticles/wpmath0000015/Position_of_the_Sun/22.xml,1,0.6451935886819019,0
MathArticles/wpmath0000009/Positive_current/7.xml,1,0.9566666666666667,1
MathArticles/wpmath0000004/Positive_set_theory/11.xml,1,0.8278846153846153,0
MathArticles/wpmath0000014/Posterior_predictive_distribution/1.xml,1,0.9428445723435753,0
MathArticles/wpmath0000004/Poynting's_theorem/16.xml,1,0.6567899446532691,4
MathArticles/wpmath0000010/Prehomogeneous_vector_space/83.xml,1,0.7579411659809183,0
MathArticles/wpmath0000003/Prenex_normal_form/20.xml,1,0.8087320546947876,0
MathArticles/wpmath0000012/Prime_manifold/4.xml,1,0.6404210739534679,1
MathArticles/wpmath0000001/Prime_number/10.xml,1,1,3
MathArticles/wpmath0000016/Principalization_(algebra)/359.xml,1,0.7705004691817557,0
MathArticles/wpmath0000016/Principalization_(algebra)/68.xml,1,0.5461207705496983,0
MathArticles/wpmath0000014/Product_distribution/6.xml,1,0.6480989221475701,2
MathArticles/wpmath0000009/Product_integral/14.xml,1,0.6585094700308848,1
MathArticles/wpmath0000014/Product_numerical_range/3.xml,1,0.9657738095238095,0
MathArticles/wpmath0000001/Product_of_rings/1.xml,1,0.5043049076375739,2
MathArticles/wpmath0000003/Projective_linear_group/10.xml,1,0.5478748497969467,0
MathArticles/wpmath0000003/Projective_module/2.xml,1,0.6751077101882292,0
MathArticles/wpmath0000003/Proper_time/7.xml,1,0.9053571428571429,1
MathArticles/wpmath0000001/Propositional_calculus/475.xml,1,0.5910321256372366,0
MathArticles/wpmath0000001/Protactinium/11.xml,1,1,0
MathArticles/wpmath0000012/Prototype_filter/11.xml,1,0.6844125206161321,0
MathArticles/wpmath0000014/Ptolemy's_table_of_chords/4.xml,1,0.5533050791630205,0
MathArticles/wpmath0000009/Publicly_Verifiable_Secret_Sharing/26.xml,1,0.7363272663744362,2
MathArticles/wpmath0000007/Push–relabel_maximum_flow_algorithm/18.xml,1,0.7396162184137618,5
MathArticles/wpmath0000001/Quadratic_equation/150.xml,0.7038742690058479,0.5441263765402697,0
MathArticles/wpmath0000001/Quadratic_formula/85.xml,1,0.6581777155306567,3
MathArticles/wpmath0000007/Quadric_(projective_geometry)/92.xml,1,0.5513400302031002,0
MathArticles/wpmath0000009/Qualitative_variation/21.xml,1,0.6448286052009456,1
MathArticles/wpmath0000015/Quantized_state_systems_method/23.xml,1,0.670737490774838,0
MathArticles/wpmath0000009/Quantum_amplifier/9.xml,1,0.937037037037037,1
MathArticles/wpmath0000002/Quantum_decoherence/22.xml,1,0.7324105877881733,0
MathArticles/wpmath0000013/Quantum_differential_calculus/28.xml,1,0.9708333333333333,0
MathArticles/wpmath0000002/Quantum_fluctuation/2.xml,1,0.8595555555555555,0
MathArticles/wpmath0000009/Quantum_graph/34.xml,1,0.5837562248795072,0
MathArticles/wpmath0000014/Quantum_non-equilibrium/0.xml,1,0.9014254385964913,2
MathArticles/wpmath0000016/Quantum_refereed_game/7.xml,1,0.5414818601979043,0
MathArticles/wpmath0000013/Quantum_spacetime/17.xml,1,0.7199102132435466,1
MathArticles/wpmath0000014/Quantum_state/36.xml,1,0.8588121683035903,0
MathArticles/wpmath0000016/Quantum_thermodynamics/33.xml,1,0.6172128884067317,0
MathArticles/wpmath0000007/Quasi-bialgebra/38.xml,1,0.5511660220993366,0
MathArticles/wpmath0000006/Quasi-finite_morphism/0.xml,1,0.6824248218446921,1
MathArticles/wpmath0000010/Quasi-isometry/22.xml,1,0.8642951127819549,0
MathArticles/wpmath0000014/Quasitoric_manifold/132.xml,0.6064102564102565,0.47607770481094475,2
MathArticles/wpmath0000014/Radiation_stress/28.xml,1,0.6550997070241109,3
MathArticles/wpmath0000004/Ramanujan–Petersson_conjecture/52.xml,1,0.7013259812190733,4
MathArticles/wpmath0000007/Random_permutation_statistics/243.xml,1,0.5884346902240932,3
MathArticles/wpmath0000008/Random_phase_approximation/5.xml,1,0.5525351098859047,0
MathArticles/wpmath0000013/Range_concatenation_grammars/33.xml,1,0.8620991253644315,3
MathArticles/wpmath0000013/Range_concatenation_grammars/58.xml,1,0.6120879415760909,0
MathArticles/wpmath0000016/Range_mode_query/146.xml,1,0.8924382716049383,1
MathArticles/wpmath0000006/Rational_trigonometry/27.xml,1,0.5257232477727324,0
MathArticles/wpmath0000015/Rayleigh–Plesset_equation/48.xml,1,1,1
MathArticles/wpmath0000005/Real_gas/10.xml,1,0.7974310672068906,2
MathArticles/wpmath0000014/Real_hyperelliptic_curve/154.xml,1,1,0
MathArticles/wpmath0000002/Recurrence_relation/108.xml,1,0.6620134120524945,0
MathArticles/wpmath0000005/Recursive_least_squares_filter/2.xml,0.6708333333333334,0.6128289473684211,0
MathArticles/wpmath0000001/Recursively_enumerable_language/3.xml,0.75,0.75,1
MathArticles/wpmath0000013/Reduced_dynamics/3.xml,1,0.6827830700286482,0
MathArticles/wpmath0000005/Reduced_form/1.xml,1,0.7539371538723154,0
MathArticles/wpmath0000016/Redundant_proof/2.xml,1,1,2
MathArticles/wpmath0000001/Reed-Solomon_error_correction/230.xml,0.5755825734549138,0.5166004324469735,2
MathArticles/wpmath0000001/Reflectance/5.xml,1,0.9098962431994773,0
MathArticles/wpmath0000013/Reflections_of_signals_on_conducting_lines/102.xml,1,0.6841167191214428,0
MathArticles/wpmath0000012/Relation_between_Schrödinger's_equation_and_the_path_integral_formulation_of_quantum_mechanics/25.xml,0.44906940087173536,0.44906940087173536,9
MathArticles/wpmath0000007/Relative_velocity/30.xml,1,0.618505095871281,0
MathArticles/wpmath0000006/Relativistic_electromagnetism/2.xml,1,0.6245429629753868,0
MathArticles/wpmath0000016/Rendezvous_hashing/4.xml,1,1,1
MathArticles/wpmath0000004/Representable_functor/3.xml,1,0.650737155654882,0
MathArticles/wpmath0000004/Representation_theory_of_Hopf_algebras/7.xml,1,0.5825954815561984,0
MathArticles/wpmath0000004/Resistance_distance/17.xml,1,0.7480413196555754,1
MathArticles/wpmath0000006/Resolution_(logic)/22.xml,1,0.7694117647058822,0
MathArticles/wpmath0000004/Resting_potential/0.xml,1,0.5101219463237585,1
MathArticles/wpmath0000005/Restriction_(mathematics)/36.xml,1,0.7885890945834044,0
MathArticles/wpmath0000003/Rhombic_dodecahedron/0.xml,1,0.7069869685519622,0
MathArticles/wpmath0000015/Ricci_calculus/49.xml,1,0.578324292783699,0
MathArticles/wpmath0000009/Richard_J._Lipton/8.xml,1,0.8054054054054054,1
MathArticles/wpmath0000008/Ridge_detection/20.xml,1,0.571358134005542,0
MathArticles/wpmath0000012/Riemannian_connection_on_a_surface/32.xml,1,1,0
MathArticles/wpmath0000003/Riemann–Liouville_integral/8.xml,0.6426841948900772,0.5901879895643485,6
MathArticles/wpmath0000012/Rogers–Ramanujan_continued_fraction/35.xml,0,0,10
MathArticles/wpmath0000013/Ronen's_golden_rule_for_cluster_radioactivity/7.xml,1,0.7781780538302278,0
MathArticles/wpmath0000014/Rosati_involution/17.xml,1,0.6286684039644566,0
MathArticles/wpmath0000013/Rossmo's_formula/9.xml,1,0.734183075452296,2
MathArticles/wpmath0000004/Rotation_matrix/220.xml,0.6323730158730159,0.41583285991730445,1
MathArticles/wpmath0000007/Routhian_mechanics/207.xml,1,0.8641220102352967,0
MathArticles/wpmath0000012/Rule_complex/2.xml,1,1,2
MathArticles/wpmath0000002/Rule_of_inference/0.xml,1,1,1
MathArticles/wpmath0000014/Rule_of_marteloio/7.xml,1,1,0
MathArticles/wpmath0000005/SKI_combinator_calculus/3.xml,0.37254901960784315,0.2717859364678283,0
MathArticles/wpmath0000004/Scale_factor_(cosmology)/16.xml,0.4984848484848485,0.44831824587212005,0
MathArticles/wpmath0000009/Scatter_matrix/4.xml,0.3614103327335523,0.30299509154668036,2
MathArticles/wpmath0000009/Schatten_norm/26.xml,0.5444891354600092,0.49093385240708814,4
MathArticles/wpmath0000010/Schilder's_theorem/3.xml,0.16398165326736752,0.15831731760303186,0
MathArticles/wpmath0000007/Schoof's_algorithm/140.xml,0.5,0.3864734299516908,1
MathArticles/wpmath0000007/Schoof's_algorithm/61.xml,0.45914634146341465,0.4468350754936121,8
MathArticles/wpmath0000010/Schrödinger_field/8.xml,0.4098293618390924,0.4042670880961355,2
MathArticles/wpmath0000010/Schuette–Nesbitt_formula/96.xml,0.4602272727272727,0.43550336107554416,0
MathArticles/wpmath0000013/Schur_algebra/10.xml,0.7378378378378379,0.6193374475996428,0
MathArticles/wpmath0000009/Schur_functor/0.xml,0.43020833333333336,0.36124947681158887,0
MathArticles/wpmath0000005/Schwarzschild_geodesics/121.xml,0.42648203222216385,0.3535459993247017,0
MathArticles/wpmath0000008/Second-order_cone_programming/3.xml,0.23781613123718387,0.23781613123718387,0
MathArticles/wpmath0000002/Second_law_of_thermodynamics/73.xml,0.6081018518518518,0.4572740879511329,0
MathArticles/wpmath0000001/Sedenion/8.xml,0.529569662793347,0.46567257857068795,1
MathArticles/wpmath0000007/Self-creation_cosmology/32.xml,0.5489087301587302,0.4744107218856027,0
MathArticles/wpmath0000015/Self-dual_Palatini_action/159.xml,0.5233527131782946,0.44755989295063153,1
MathArticles/wpmath0000014/Semi-inner-product/9.xml,0.518775297969435,0.4834132418534786,3
MathArticles/wpmath0000006/Semicubical_parabola/13.xml,0.5373759920634921,0.33191582722832724,0
MathArticles/wpmath0000003/Semiring/14.xml,0.6726190476190477,0.49860468906238553,0
MathArticles/wpmath0000010/Separable_algebra/17.xml,0.5087301587301587,0.30097095116014755,0
MathArticles/wpmath0000001/Separable_space/20.xml,0.4476923076923077,0.43536953242835597,0
MathArticles/wpmath0000006/Shear_rate/5.xml,1,0.652124257961215,0
MathArticles/wpmath0000016/Shearlet/49.xml,0.4332052441229656,0.38799120455513036,0
MathArticles/wpmath0000005/Shekel_function/3.xml,0.46003300711634043,0.43597183577848125,3
MathArticles/wpmath0000010/Shilov_boundary/6.xml,0.5546242706568794,0.5233527054952957,4
MathArticles/wpmath0000003/Short-time_Fourier_transform/11.xml,0.5772619047619048,0.44088262543195905,0
MathArticles/wpmath0000012/Signature_operator/14.xml,0.44807405535589495,0.4035028053454613,2
MathArticles/wpmath0000006/Simple_linear_regression/6.xml,1,0.880040684481474,2
MathArticles/wpmath0000001/Simplex/32.xml,0.34404761904761905,0.28216173426496693,0
MathArticles/wpmath0000014/Singular_submodule/5.xml,0.416875,0.39278880981124104,1
MathArticles/wpmath0000016/Singular_trace/24.xml,0.3542943006312136,0.2870273591519051,1
MathArticles/wpmath0000002/Singular_value_decomposition/167.xml,0.7067567567567568,0.5767714968755253,0
MathArticles/wpmath0000006/Situation_calculus/2.xml,0.24572649572649574,0.24572649572649574,0
MathArticles/wpmath0000003/Skolem_normal_form/10.xml,1,0.7147189577754478,4
MathArticles/wpmath0000016/Slice_theorem_(differential_geometry)/0.xml,1,0.6847842803311553,2
MathArticles/wpmath0000003/Sliding_mode_control/71.xml,1,0.8181783481692738,1
MathArticles/wpmath0000003/Smith_chart/84.xml,1,0.6503984713543537,1
MathArticles/wpmath0000006/Smoluchowski_coagulation_equation/1.xml,1,0.5222947724395686,1
MathArticles/wpmath0000002/Snub_dodecahedron/1.xml,1,0.5375815513962906,0
MathArticles/wpmath0000003/Sobolev_space/94.xml,0.8793939393939394,0.7843841928052455,1
MathArticles/wpmath0000005/Solar_irradiance/22.xml,1,0.5763115597179972,0
MathArticles/wpmath0000003/Solid_of_revolution/5.xml,1,0.6689278124520288,2
MathArticles/wpmath0000004/Solovay–Strassen_primality_test/4.xml,1,0.7501275510204082,3
MathArticles/wpmath0000008/Space_(mathematics)/8.xml,1,0.8844576719576719,1
MathArticles/wpmath0000004/Space_hierarchy_theorem/52.xml,1,0.9646657793552204,0
MathArticles/wpmath0000001/Special_relativity/42.xml,1,0.8106358613633596,2
MathArticles/wpmath0000012/Spectral_concentration_problem/11.xml,1,0.5936877370836567,3
MathArticles/wpmath0000002/Spectral_density/28.xml,1,1,1
MathArticles/wpmath0000009/Spectral_risk_measure/31.xml,1,0.7783176054205466,0
MathArticles/wpmath0000004/Spectrum_(topology)/40.xml,1,0.6413075948441582,0
MathArticles/wpmath0000016/Spline_wavelet/51.xml,1,0.9189247648902821,0
MathArticles/wpmath0000005/Square-cube_law/8.xml,1,0.7733097150628707,0
MathArticles/wpmath0000001/Square_root/36.xml,1,0.6127688643507637,1
MathArticles/wpmath0000003/Square_triangular_number/31.xml,1,0.5173694100211516,2
MathArticles/wpmath0000008/Squashed_entanglement/17.xml,1,1,1
MathArticles/wpmath0000008/Stability_derivatives/8.xml,1,0.6767356846168873,0
MathArticles/wpmath0000012/State-transition_matrix/16.xml,1,0.7082662479259563,1
MathArticles/wpmath0000009/Statistical_shape_analysis/1.xml,1,0.7723332117010278,1
MathArticles/wpmath0000006/Steenrod_algebra/9.xml,1,0.8151231871805902,2
MathArticles/wpmath0000001/Stefan-Boltzmann_law/111.xml,0.48704545454545456,0.4465652481098616,2
MathArticles/wpmath0000010/Stein's_method/42.xml,1,0.6688357956998585,0
MathArticles/wpmath0000004/Stiefel–Whitney_class/49.xml,0.605952380952381,0.5404199166517196,4
MathArticles/wpmath0000013/Stiffness_matrix/9.xml,1,0.5655503206019667,0
MathArticles/wpmath0000009/Stirling_numbers_and_exponential_generating_functions_in_symbolic_combinatorics/15.xml,1,0.583586878823323,0
MathArticles/wpmath0000014/Stochastic_measurement_procedure/16.xml,1,0.8098161350844277,0
MathArticles/wpmath0000016/Stochastic_portfolio_theory/101.xml,1,0.6723698255149868,0
MathArticles/wpmath0000008/Stochastic_volatility/5.xml,1,0.6332449058686968,1
MathArticles/wpmath0000005/Stokes_parameters/37.xml,1,1,0
MathArticles/wpmath0000006/Stokes_radius/9.xml,1,0.718579410085258,1
MathArticles/wpmath0000004/Stone–von_Neumann_theorem/111.xml,0.6574945265462506,0.6001910223656923,2
MathArticles/wpmath0000014/Streeter–Phelps_equation/26.xml,0.5810308576166785,0.519967727323983,7
MathArticles/wpmath0000009/Stress_majorization/12.xml,1,0.8032860520094562,5
MathArticles/wpmath0000008/Strict_differentiability/6.xml,0.3050215785238827,0.2607516173848147,0
MathArticles/wpmath0000014/Strictly_standardized_mean_difference/66.xml,0.45092592592592595,0.39807646686981146,1
MathArticles/wpmath0000007/Structure_(mathematical_logic)/13.xml,1,0.8087391987097869,0
MathArticles/wpmath0000013/Subliminal_channel/40.xml,1,0.5833783449568015,0
MathArticles/wpmath0000014/Submodular_set_function/6.xml,1,0.7311117614269789,0
MathArticles/wpmath0000005/Suffix_array/23.xml,1,0.8104497354497354,0
MathArticles/wpmath0000012/Sum_frequency_generation_spectroscopy/6.xml,0.5601190476190476,0.4431858702736069,1
MathArticles/wpmath0000002/Summation/35.xml,0.5209738301447723,0.3847952397142719,1
MathArticles/wpmath0000002/Sundial/27.xml,1,0.7166098591361193,0
MathArticles/wpmath0000013/Super-resolution_microscopy/1.xml,1,0.5666927690324027,0
MathArticles/wpmath0000006/Superconformal_algebra/28.xml,1,0.8055565527516747,0
MathArticles/wpmath0000015/Supermetric/31.xml,1,0.6076665353086126,2
MathArticles/wpmath0000003/Support_(mathematics)/23.xml,1,0.6096143159043114,0
MathArticles/wpmath0000007/Symmetric_derivative/12.xml,1,0.5205181716760817,3
MathArticles/wpmath0000016/Symmetric_spectrum/2.xml,1,0.4755787030323672,0
MathArticles/wpmath0000013/Symmetric_tensor/20.xml,1,0.6341524947758816,2
MathArticles/wpmath0000016/Symmetry_in_quantum_mechanics/64.xml,1,0.6531561259882543,0
MathArticles/wpmath0000015/Symmetry_protected_topological_order/10.xml,1,0.5999168777776078,0
MathArticles/wpmath0000007/Symplectic_cut/29.xml,1,0.5702184075049802,2
MathArticles/wpmath0000010/Synaptic_augmentation/3.xml,1,1,5
MathArticles/wpmath0000012/Syncategorematic_term/9.xml,1,0.7922837616700569,0
MathArticles/wpmath0000014/Synge's_world_function/10.xml,1,0.8528923338624105,0
MathArticles/wpmath0000005/System_of_imprimitivity/7.xml,1,0.6568037475878814,0
MathArticles/wpmath0000015/TP_model_transformation_in_control_theory/2.xml,0.5793478260869566,0.5793478260869566,9
MathArticles/wpmath0000006/Table_of_Clebsch–Gordan_coefficients/324.xml,0,0,10
MathArticles/wpmath0000006/Table_of_Clebsch–Gordan_coefficients/34.xml,0.31739130434782614,0.24355924562063225,0
MathArticles/wpmath0000013/Table_of_costs_of_operations_in_elliptic_curves/0.xml,0.5091174627745836,0.3950289461528281,0
MathArticles/wpmath0000009/Tanaka's_formula/5.xml,0.5725089881869543,0.5626572932717,0
MathArticles/wpmath0000004/Tangent_half-angle_formula/12.xml,0.5872401073105299,0.4684372875608296,0
MathArticles/wpmath0000006/Tautological_bundle/13.xml,0.5475,0.484311712296179,0
MathArticles/wpmath0000007/Tautology_(logic)/29.xml,0.17695090439276484,0.17695090439276484,0
MathArticles/wpmath0000012/Template_Circlenotation/0.xml,0.3012820512820513,0.2643351127721745,0
MathArticles/wpmath0000012/Template_DoseConcentrationClearance/10.xml,0.4950657894736842,0.4527438186813187,0
MathArticles/wpmath0000009/Template_Elastic_moduli/8.xml,0.3194444444444444,0.3194444444444444,1
MathArticles/wpmath0000014/Template_Subatomic_particle__symbol__chargino_i-+/0.xml,0.27717391304347827,0.2160203176537115,0
MathArticles/wpmath0000002/Tensor_contraction/11.xml,0.5930555555555554,0.4784536393838719,0
MathArticles/wpmath0000002/Tensor_field/4.xml,0.44474885844748857,0.39256832935925506,0
MathArticles/wpmath0000016/Tensor_operator/65.xml,0.46146640826873386,0.4023599226006427,0
MathArticles/wpmath0000006/Tensor_product_of_modules/69.xml,0.5615086720508407,0.49244331101401684,0
MathArticles/wpmath0000005/Term_symbol/0.xml,1,0.5475865757838796,0
MathArticles/wpmath0000002/Terminal_velocity/24.xml,0.3993379169849758,0.39710975299210594,0
MathArticles/wpmath0000002/Thales'_theorem/9.xml,0.5857142857142856,0.47600920736794716,2
MathArticles/wpmath0000009/The_Dark_Energy_Survey/61.xml,0.31333380161505164,0.2514923207061207,0
MathArticles/wpmath0000005/Thermal_de_Broglie_wavelength/2.xml,0.4995373813242111,0.469461727993427,0
MathArticles/wpmath0000005/Thermodynamic_equations/10.xml,0.6284722222222222,0.569224603096406,0
MathArticles/wpmath0000013/Thin-film_interference/10.xml,0.4970618034447822,0.48961499493414384,0
MathArticles/wpmath0000003/Thompson_sporadic_group/0.xml,0.575625,0.4828955476417727,0
MathArticles/wpmath0000001/Tide/1.xml,0.571881469979296,0.500923269943756,0
MathArticles/wpmath0000002/Time_value_of_money/40.xml,0.32257135225885225,0.32257135225885225,0
MathArticles/wpmath0000010/Timoshenko_beam_theory/51.xml,0.7366666666666667,0.6864285714285714,2
MathArticles/wpmath0000010/Timoshenko_beam_theory/75.xml,0.5380952380952381,0.47421609760744654,1
MathArticles/wpmath0000001/Torque/35.xml,0.3151444634830711,0.3151444634830711,0
MathArticles/wpmath0000002/Trajectory/30.xml,1,0.6670602359980915,0
MathArticles/wpmath0000010/Trans-2-enoyl-CoA_reductase_(NAD+)/0.xml,1,1,1
MathArticles/wpmath0000007/Transmission_disequilibrium_test/26.xml,1,0.562539772151676,0
MathArticles/wpmath0000013/Transposable_integer/80.xml,1,0.9444444444444444,0
MathArticles/wpmath0000006/Trembling_hand_perfect_equilibrium/9.xml,1,0.829020979020979,0
MathArticles/wpmath0000010/Triangulation_(computer_vision)/37.xml,1,0.6206221198156682,0
MathArticles/wpmath0000004/Trigonometric_interpolation/12.xml,1,0.9473333333333334,0
MathArticles/wpmath0000012/True_quantified_Boolean_formula/11.xml,1,0.7404408969656892,1
MathArticles/wpmath0000007/Truncated_5-cell/14.xml,1,0.8434156784041841,0
MathArticles/wpmath0000004/Turing_reduction/22.xml,1,0.6865500136455117,0
MathArticles/wpmath0000014/Twisted_Poincaré_duality/3.xml,0.7227295918367347,0.550875345934602,3
MathArticles/wpmath0000014/Two-state_trajectory/0.xml,1,0.7259193138411414,0
MathArticles/wpmath0000014/Ultrasensitivity/25.xml,1,0.6483271199033875,0
MathArticles/wpmath0000013/Uncertainty_theory/97.xml,1,0.6226058070466105,0
MathArticles/wpmath0000001/Uniform_continuity/26.xml,0.40530303030303033,0.3651390416575322,0
MathArticles/wpmath0000001/Uniform_convergence/107.xml,0.7135416666666667,0.5558716642758312,1
MathArticles/wpmath0000005/Uniform_distribution_(discrete)/5.xml,0.875,0.8690476190476191,0
MathArticles/wpmath0000015/Uniformly_bounded_representation/37.xml,0.33226104240118415,0.20618033753551276,0
MathArticles/wpmath0000002/Uniqueness_quantification/4.xml,1,0.7549481985085924,0
MathArticles/wpmath0000007/Unit-weighted_regression/0.xml,1,0.5798540408545181,1
MathArticles/wpmath0000002/Unit_vector/2.xml,1,0.6835509529463276,0
MathArticles/wpmath0000006/Universal_Rule/0.xml,0.7099867724867724,0.5513451265660078,0
MathArticles/wpmath0000010/Universal_parabolic_constant/1.xml,0.7516149870801033,0.5704512637463346,0
MathArticles/wpmath0000014/Vaidya_metric/65.xml,1,0.590433141933166,0
MathArticles/wpmath0000004/Valuation_ring/8.xml,1,0.9082671957671958,0
MathArticles/wpmath0000003/Van_der_Pauw_method/11.xml,1,0.5839159828461299,0
MathArticles/wpmath0000007/Variance_decomposition_of_forecast_errors/4.xml,1,0.5689507241975844,0
MathArticles/wpmath0000008/Varifold/5.xml,1,0.6495765113277895,0
MathArticles/wpmath0000015/Vector_logic/57.xml,0.4619195198740653,0.4277648558479435,0
MathArticles/wpmath0000014/Vector_optimization/11.xml,0.5851094983447924,0.5166227400050929,0
MathArticles/wpmath0000008/Vectorization_(mathematics)/9.xml,0.6141187244128421,0.5494296318341042,0
MathArticles/wpmath0000004/Verlet_integration/107.xml,0.5373214285714285,0.4645769904785004,0
MathArticles/wpmath0000004/Verlet_integration/71.xml,0.44418103448275864,0.41452831188509576,0
MathArticles/wpmath0000006/Verma_module/78.xml,1,0.5663147850825851,0
MathArticles/wpmath0000005/Villarceau_circles/1.xml,1,0.683363266859042,1
MathArticles/wpmath0000008/Volterra_series/22.xml,1,0.5368977760135951,0
MathArticles/wpmath0000003/Von_Neumann_bicommutant_theorem/58.xml,1,0.702190582414463,1
MathArticles/wpmath0000016/Wahlquist_fluid/6.xml,0.6676907322068613,0.5762596078695524,0
MathArticles/wpmath0000005/Wald's_equation/50.xml,1,0.6368702920801994,0
MathArticles/wpmath0000005/Wallis_product/12.xml,1,0.5419788242330045,0
MathArticles/wpmath0000006/Watt's_curve/4.xml,1,0.541415106238262,0
MathArticles/wpmath0000004/Wave_vector/33.xml,0.18530586477015046,0.16322253143681714,0
MathArticles/wpmath0000001/Waveplate/4.xml,0.46875,0.46875,0
MathArticles/wpmath0000007/Weak_formulation/23.xml,1,0.7352939215409351,0
MathArticles/wpmath0000012/Weak_gravitational_lensing/15.xml,1,0.7563564021480124,0
MathArticles/wpmath0000013/Weingarten_function/11.xml,1,0.7260859233552295,3
MathArticles/wpmath0000009/Well-pointed_category/1.xml,1,0.8423569279420343,0
MathArticles/wpmath0000005/Wetting/0.xml,1,0.7824050842745711,0
MathArticles/wpmath0000015/Weyl_metrics/81.xml,1,0.623877425382064,1
MathArticles/wpmath0000008/Wigner_D-matrix/15.xml,1,0.4321312823071387,0
MathArticles/wpmath0000004/Wigner–Eckart_theorem/16.xml,0.5513480392156863,0.5078303752303881,6
MathArticles/wpmath0000012/Wind_turbine_aerodynamics/7.xml,1,0.6646722978916971,0
MathArticles/wpmath0000002/World_line/23.xml,1,0.7431285645571359,3
MathArticles/wpmath0000011/X-Machine_Testing/5.xml,1,0.9397435897435897,0
MathArticles/wpmath0000007/XTR/54.xml,1,0.5989092197988962,0
MathArticles/wpmath0000007/XTR/77.xml,1,0.9258064516129032,0
MathArticles/wpmath0000003/YIQ/2.xml,0.3045104166666667,0.25995898559190034,0
MathArticles/wpmath0000006/Yale_shooting_problem/28.xml,0.6541666666666667,0.5955300127713921,1
MathArticles/wpmath0000006/Yang–Mills_existence_and_mass_gap/3.xml,0.6034722222222222,0.3591117816609863,0
MathArticles/wpmath0000012/Yeoh_(hyperelastic_model)/12.xml,0.4641720729070127,0.4296532086537905,0
MathArticles/wpmath0000012/Yeoh_(hyperelastic_model)/25.xml,0.5274366303898609,0.5145753014447162,3
MathArticles/wpmath0000012/Yeoh_(hyperelastic_model)/47.xml,0.4355318491032777,0.34966254633438965,0
MathArticles/wpmath0000008/Yield_surface/57.xml,0.39356060606060606,0.37767658082391453,0
MathArticles/wpmath0000007/Zero_differential_overlap/2.xml,1,0.5872045355877036,2
MathArticles/wpmath0000002/Zeta_distribution/0.xml,1,0.5917866412920686,0
MathArticles/wpmath0000013/Zeta_function_(operator)/1.xml,1,0.6707494715362634,0
MathArticles/wpmath0000012/Zonal_spherical_function/69.xml,1,0.7274076323736919,0
MathArticles/wpmath0000007/Zubov's_method/14.xml,1,0.6401870118831221,1
